ISO-10303-21;
HEADER;
/* Generated by software containing ST-Developer
 * from STEP Tools, Inc. (www.steptools.com) 
 */

FILE_DESCRIPTION(
/* description */ (''),
/* implementation_level */ '2;1');

FILE_NAME(
/* name */ 'dc2d63c2-de86-43fb-91d2-490e010005a3.stp',
/* time_stamp */ '2026-09-17T00:08:34Z',
/* author */ (''),
/* organization */ (''),
/* preprocessor_version */ 'ST-DEVELOPER v20.2',
/* originating_system */ 'Autodesk Translation Framework v15.15.0.0',
/* authorisation */ '');

FILE_SCHEMA (('AUTOMOTIVE_DESIGN { 1 0 10303 214 3 1 1 }'));
ENDSEC;

DATA;
#10=MECHANICAL_DESIGN_GEOMETRIC_PRESENTATION_REPRESENTATION('',(#13,#14),
#1739);
#11=SHAPE_REPRESENTATION_RELATIONSHIP('SRR','None',#1746,#12);
#12=ADVANCED_BREP_SHAPE_REPRESENTATION('',(#15,#16),#1738);
#13=STYLED_ITEM('',(#1755),#15);
#14=STYLED_ITEM('',(#1755),#16);
#15=MANIFOLD_SOLID_BREP('Body1',#664);
#16=MANIFOLD_SOLID_BREP('Body4',#665);
#17=CYLINDRICAL_SURFACE('',#694,4.15);
#18=CYLINDRICAL_SURFACE('',#701,4.5);
#19=CYLINDRICAL_SURFACE('',#703,0.8);
#20=CYLINDRICAL_SURFACE('',#704,0.8);
#21=CYLINDRICAL_SURFACE('',#705,0.8);
#22=CYLINDRICAL_SURFACE('',#708,0.8);
#23=CYLINDRICAL_SURFACE('',#715,0.7);
#24=CYLINDRICAL_SURFACE('',#718,2.75);
#25=CYLINDRICAL_SURFACE('',#719,2.6);
#26=CYLINDRICAL_SURFACE('',#721,7.4);
#27=CYLINDRICAL_SURFACE('',#724,3.85);
#28=CYLINDRICAL_SURFACE('',#727,6.15);
#29=CYLINDRICAL_SURFACE('',#737,3.85);
#30=CYLINDRICAL_SURFACE('',#740,7.5);
#31=B_SPLINE_SURFACE_WITH_KNOTS('',3,3,((#1017,#1018,#1019,#1020,#1021,
#1022,#1023,#1024,#1025,#1026,#1027,#1028,#1029,#1030,#1031,#1032,#1033),
(#1034,#1035,#1036,#1037,#1038,#1039,#1040,#1041,#1042,#1043,#1044,#1045,
#1046,#1047,#1048,#1049,#1050),(#1051,#1052,#1053,#1054,#1055,#1056,#1057,
#1058,#1059,#1060,#1061,#1062,#1063,#1064,#1065,#1066,#1067),(#1068,#1069,
#1070,#1071,#1072,#1073,#1074,#1075,#1076,#1077,#1078,#1079,#1080,#1081,
#1082,#1083,#1084),(#1085,#1086,#1087,#1088,#1089,#1090,#1091,#1092,#1093,
#1094,#1095,#1096,#1097,#1098,#1099,#1100,#1101),(#1102,#1103,#1104,#1105,
#1106,#1107,#1108,#1109,#1110,#1111,#1112,#1113,#1114,#1115,#1116,#1117,
#1118),(#1119,#1120,#1121,#1122,#1123,#1124,#1125,#1126,#1127,#1128,#1129,
#1130,#1131,#1132,#1133,#1134,#1135),(#1136,#1137,#1138,#1139,#1140,#1141,
#1142,#1143,#1144,#1145,#1146,#1147,#1148,#1149,#1150,#1151,#1152),(#1153,
#1154,#1155,#1156,#1157,#1158,#1159,#1160,#1161,#1162,#1163,#1164,#1165,
#1166,#1167,#1168,#1169),(#1170,#1171,#1172,#1173,#1174,#1175,#1176,#1177,
#1178,#1179,#1180,#1181,#1182,#1183,#1184,#1185,#1186),(#1187,#1188,#1189,
#1190,#1191,#1192,#1193,#1194,#1195,#1196,#1197,#1198,#1199,#1200,#1201,
#1202,#1203)),.UNSPECIFIED.,.F.,.F.,.F.,(4,1,1,1,1,1,1,1,4),(4,1,1,1,1,
1,1,1,1,1,1,1,1,1,4),(0.,0.214285714285714,0.285714285714286,0.428571428571429,
0.571428571428571,0.714285714285714,0.857142857142857,0.892857142857143,
1.),(0.,0.024393369055496,0.0325244920739947,0.0406556150924934,0.048786738110992,
0.0650489841479894,0.0975734762219841,0.130097968295979,0.195146952443968,
0.260195936591958,0.292720428665952,0.325244920739947,0.390293904887936,
0.422818396961931,0.455342889035926),.UNSPECIFIED.);
#32=B_SPLINE_SURFACE_WITH_KNOTS('',3,3,((#1233,#1234,#1235,#1236,#1237,
#1238,#1239,#1240,#1241,#1242,#1243,#1244,#1245,#1246,#1247),(#1248,#1249,
#1250,#1251,#1252,#1253,#1254,#1255,#1256,#1257,#1258,#1259,#1260,#1261,
#1262),(#1263,#1264,#1265,#1266,#1267,#1268,#1269,#1270,#1271,#1272,#1273,
#1274,#1275,#1276,#1277),(#1278,#1279,#1280,#1281,#1282,#1283,#1284,#1285,
#1286,#1287,#1288,#1289,#1290,#1291,#1292),(#1293,#1294,#1295,#1296,#1297,
#1298,#1299,#1300,#1301,#1302,#1303,#1304,#1305,#1306,#1307),(#1308,#1309,
#1310,#1311,#1312,#1313,#1314,#1315,#1316,#1317,#1318,#1319,#1320,#1321,
#1322),(#1323,#1324,#1325,#1326,#1327,#1328,#1329,#1330,#1331,#1332,#1333,
#1334,#1335,#1336,#1337),(#1338,#1339,#1340,#1341,#1342,#1343,#1344,#1345,
#1346,#1347,#1348,#1349,#1350,#1351,#1352),(#1353,#1354,#1355,#1356,#1357,
#1358,#1359,#1360,#1361,#1362,#1363,#1364,#1365,#1366,#1367),(#1368,#1369,
#1370,#1371,#1372,#1373,#1374,#1375,#1376,#1377,#1378,#1379,#1380,#1381,
#1382),(#1383,#1384,#1385,#1386,#1387,#1388,#1389,#1390,#1391,#1392,#1393,
#1394,#1395,#1396,#1397)),.UNSPECIFIED.,.F.,.F.,.F.,(4,1,1,1,1,1,1,1,4),
(4,1,1,1,1,1,1,1,1,1,1,1,4),(0.,0.214285714285714,0.285714285714286,0.428571428571429,
0.571428571428571,0.714285714285714,0.857142857142857,0.892857142857143,
1.),(0.,0.0243933690555335,0.0325244920740446,0.048786738111067,0.0650489841480893,
0.0975734762221339,0.130097968296179,0.195146952444268,0.325244920740446,
0.357769412814491,0.390293904888536,0.42281839696258,0.455342889036625),
 .UNSPECIFIED.);
#33=B_SPLINE_SURFACE_WITH_KNOTS('',3,3,((#1434,#1435,#1436,#1437),(#1438,
#1439,#1440,#1441),(#1442,#1443,#1444,#1445),(#1446,#1447,#1448,#1449),
(#1450,#1451,#1452,#1453),(#1454,#1455,#1456,#1457),(#1458,#1459,#1460,
#1461),(#1462,#1463,#1464,#1465),(#1466,#1467,#1468,#1469),(#1470,#1471,
#1472,#1473),(#1474,#1475,#1476,#1477)),.UNSPECIFIED.,.F.,.F.,.F.,(4,1,
1,1,1,1,1,1,4),(4,4),(0.,0.214285714285714,0.285714285714286,0.428571428571429,
0.571428571428571,0.714285714285714,0.857142857142857,0.892857142857143,
1.),(1.875,3.6),.UNSPECIFIED.);
#34=B_SPLINE_SURFACE_WITH_KNOTS('',3,3,((#1513,#1514,#1515,#1516),(#1517,
#1518,#1519,#1520),(#1521,#1522,#1523,#1524),(#1525,#1526,#1527,#1528),
(#1529,#1530,#1531,#1532),(#1533,#1534,#1535,#1536),(#1537,#1538,#1539,
#1540),(#1541,#1542,#1543,#1544),(#1545,#1546,#1547,#1548)),
 .UNSPECIFIED.,.F.,.F.,.F.,(4,1,1,1,1,1,4),(4,4),(0.,0.142857142857143,
0.285714285714286,0.571428571428571,0.678571428571428,0.857142857142857,
1.),(0.169999999999999,1.68),.UNSPECIFIED.);
#35=B_SPLINE_SURFACE_WITH_KNOTS('',3,3,((#1592,#1593,#1594,#1595),(#1596,
#1597,#1598,#1599),(#1600,#1601,#1602,#1603),(#1604,#1605,#1606,#1607),
(#1608,#1609,#1610,#1611),(#1612,#1613,#1614,#1615),(#1616,#1617,#1618,
#1619),(#1620,#1621,#1622,#1623),(#1624,#1625,#1626,#1627),(#1628,#1629,
#1630,#1631),(#1632,#1633,#1634,#1635)),.UNSPECIFIED.,.F.,.F.,.F.,(4,1,
1,1,1,1,1,1,4),(4,4),(0.,0.214285714285714,0.285714285714286,0.428571428571429,
0.571428571428571,0.714285714285714,0.857142857142857,0.892857142857143,
1.),(1.875,3.6),.UNSPECIFIED.);
#36=B_SPLINE_CURVE_WITH_KNOTS('',3,(#962,#963,#964,#965,#966,#967,#968,
#969,#970,#971,#972,#973),.UNSPECIFIED.,.F.,.F.,(4,1,1,1,1,1,1,1,1,4),(0.,
0.024393369055496,0.0325244920739947,0.0406556150924934,0.048786738110992,
0.0650489841479894,0.0975734762219841,0.130097968295979,0.195146952443968,
0.223970331790722),.UNSPECIFIED.);
#37=B_SPLINE_CURVE_WITH_KNOTS('',3,(#975,#976,#977,#978),.UNSPECIFIED.,
 .F.,.F.,(4,4),(-3.6,-1.875),.UNSPECIFIED.);
#38=B_SPLINE_CURVE_WITH_KNOTS('',3,(#984,#985,#986,#987,#988,#989,#990,
#991,#992,#993,#994,#995,#996,#997),.UNSPECIFIED.,.F.,.F.,(4,2,2,2,2,2,
4),(-0.105339640866154,-0.10507908684218,-0.0625486223285705,-0.0296290877208713,
-0.00547642470220105,-0.00124155362417624,0.),.UNSPECIFIED.);
#39=B_SPLINE_CURVE_WITH_KNOTS('',3,(#999,#1000,#1001,#1002),
 .UNSPECIFIED.,.F.,.F.,(4,4),(0.169999999999999,1.68),.UNSPECIFIED.);
#40=B_SPLINE_CURVE_WITH_KNOTS('',3,(#1003,#1004,#1005,#1006,#1007,#1008,
#1009,#1010,#1011,#1012,#1013,#1014,#1015,#1016),.UNSPECIFIED.,.F.,.F.,
(4,2,2,2,2,2,4),(-0.150756502988196,-0.148978161233541,-0.142912355660175,
-0.108326203552716,-0.0615343497826787,0.,0.000342434840924805),
 .UNSPECIFIED.);
#41=B_SPLINE_CURVE_WITH_KNOTS('',3,(#1205,#1206,#1207,#1208,#1209,#1210,
#1211,#1212,#1213,#1214,#1215,#1216,#1217,#1218,#1219,#1220,#1221),
 .UNSPECIFIED.,.F.,.F.,(4,1,1,1,1,1,1,1,1,1,1,1,1,1,4),(-0.455342889035926,
-0.422818396961931,-0.390293904887936,-0.325244920739947,-0.292720428665952,
-0.260195936591958,-0.195146952443968,-0.130097968295979,-0.0975734762219841,
-0.0650489841479894,-0.048786738110992,-0.0406556150924934,-0.0325244920739947,
-0.024393369055496,0.),.UNSPECIFIED.);
#42=B_SPLINE_CURVE_WITH_KNOTS('',3,(#1222,#1223,#1224,#1225,#1226,#1227,
#1228,#1229,#1230,#1231,#1232),.UNSPECIFIED.,.F.,.F.,(4,1,1,1,1,1,1,1,4),
(0.,0.214285714285714,0.285714285714286,0.428571428571429,0.571428571428571,
0.714285714285714,0.857142857142857,0.892857142857143,1.),.UNSPECIFIED.);
#43=B_SPLINE_CURVE_WITH_KNOTS('',3,(#1399,#1400,#1401,#1402,#1403,#1404,
#1405,#1406),.UNSPECIFIED.,.F.,.F.,(4,1,1,1,1,4),(0.214603273162039,0.325244920740446,
0.357769412814491,0.390293904888536,0.42281839696258,0.455342889036625),
 .UNSPECIFIED.);
#44=B_SPLINE_CURVE_WITH_KNOTS('',3,(#1408,#1409,#1410,#1411,#1412,#1413,
#1414,#1415,#1416,#1417,#1418),.UNSPECIFIED.,.F.,.F.,(4,1,1,1,1,1,1,1,4),
(-1.,-0.892857142857143,-0.857142857142857,-0.714285714285714,-0.571428571428571,
-0.428571428571429,-0.285714285714286,-0.214285714285714,0.),
 .UNSPECIFIED.);
#45=B_SPLINE_CURVE_WITH_KNOTS('',3,(#1419,#1420,#1421,#1422,#1423,#1424,
#1425,#1426,#1427,#1428,#1429,#1430,#1431,#1432,#1433),.UNSPECIFIED.,.F.,
 .F.,(4,1,1,1,1,1,1,1,1,1,1,1,4),(-0.455342889036625,-0.42281839696258,
-0.390293904888536,-0.357769412814491,-0.325244920740446,-0.195146952444268,
-0.130097968296179,-0.0975734762221339,-0.0650489841480893,-0.048786738111067,
-0.0325244920740446,-0.0243933690555335,0.),.UNSPECIFIED.);
#46=B_SPLINE_CURVE_WITH_KNOTS('',3,(#1480,#1481,#1482,#1483,#1484,#1485,
#1486,#1487,#1488,#1489,#1490,#1491,#1492,#1493,#1494,#1495,#1496,#1497,
#1498,#1499,#1500,#1501,#1502,#1503,#1504),.UNSPECIFIED.,.F.,.F.,(4,3,3,
3,3,3,3,3,4),(0.,0.0116418186478396,0.0155224248637861,0.0310448497275722,
0.0465672745913583,0.0620896994551444,0.0776121243189305,0.0853733367508235,
0.108656974046503),.UNSPECIFIED.);
#47=B_SPLINE_CURVE_WITH_KNOTS('',3,(#1505,#1506,#1507,#1508),
 .UNSPECIFIED.,.F.,.F.,(4,4),(-3.6,-1.875),.UNSPECIFIED.);
#48=B_SPLINE_CURVE_WITH_KNOTS('',3,(#1509,#1510,#1511,#1512),
 .UNSPECIFIED.,.F.,.F.,(4,4),(1.875,3.6),.UNSPECIFIED.);
#49=B_SPLINE_CURVE_WITH_KNOTS('',3,(#1549,#1550,#1551,#1552),
 .UNSPECIFIED.,.F.,.F.,(4,4),(-1.68,-0.169999999999999),.UNSPECIFIED.);
#50=B_SPLINE_CURVE_WITH_KNOTS('',3,(#1556,#1557,#1558,#1559),
 .UNSPECIFIED.,.F.,.F.,(4,4),(1.875,3.6),.UNSPECIFIED.);
#51=B_SPLINE_CURVE_WITH_KNOTS('',3,(#1567,#1568,#1569,#1570,#1571,#1572,
#1573,#1574,#1575,#1576,#1577,#1578,#1579,#1580,#1581,#1582,#1583,#1584,
#1585,#1586,#1587,#1588,#1589,#1590,#1591),.UNSPECIFIED.,.F.,.F.,(4,3,3,
3,3,3,3,3,4),(0.,0.0171753742381568,0.022900498984209,0.0458009979684181,
0.0687014969526271,0.0916019959368361,0.114502494921045,0.12595274441315,
0.160303492889463),.UNSPECIFIED.);
#52=FACE_BOUND('',#102,.T.);
#53=FACE_BOUND('',#104,.T.);
#54=FACE_BOUND('',#113,.T.);
#55=FACE_BOUND('',#118,.T.);
#56=FACE_BOUND('',#120,.T.);
#57=FACE_BOUND('',#130,.T.);
#58=FACE_BOUND('',#137,.T.);
#59=FACE_BOUND('',#141,.T.);
#60=FACE_BOUND('',#143,.T.);
#61=FACE_BOUND('',#145,.T.);
#62=FACE_OUTER_BOUND('',#101,.T.);
#63=FACE_OUTER_BOUND('',#103,.T.);
#64=FACE_OUTER_BOUND('',#105,.T.);
#65=FACE_OUTER_BOUND('',#106,.T.);
#66=FACE_OUTER_BOUND('',#107,.T.);
#67=FACE_OUTER_BOUND('',#108,.T.);
#68=FACE_OUTER_BOUND('',#109,.T.);
#69=FACE_OUTER_BOUND('',#110,.T.);
#70=FACE_OUTER_BOUND('',#111,.T.);
#71=FACE_OUTER_BOUND('',#112,.T.);
#72=FACE_OUTER_BOUND('',#114,.T.);
#73=FACE_OUTER_BOUND('',#115,.T.);
#74=FACE_OUTER_BOUND('',#116,.T.);
#75=FACE_OUTER_BOUND('',#117,.T.);
#76=FACE_OUTER_BOUND('',#119,.T.);
#77=FACE_OUTER_BOUND('',#121,.T.);
#78=FACE_OUTER_BOUND('',#122,.T.);
#79=FACE_OUTER_BOUND('',#123,.T.);
#80=FACE_OUTER_BOUND('',#124,.T.);
#81=FACE_OUTER_BOUND('',#125,.T.);
#82=FACE_OUTER_BOUND('',#126,.T.);
#83=FACE_OUTER_BOUND('',#127,.T.);
#84=FACE_OUTER_BOUND('',#128,.T.);
#85=FACE_OUTER_BOUND('',#129,.T.);
#86=FACE_OUTER_BOUND('',#131,.T.);
#87=FACE_OUTER_BOUND('',#132,.T.);
#88=FACE_OUTER_BOUND('',#133,.T.);
#89=FACE_OUTER_BOUND('',#134,.T.);
#90=FACE_OUTER_BOUND('',#135,.T.);
#91=FACE_OUTER_BOUND('',#136,.T.);
#92=FACE_OUTER_BOUND('',#138,.T.);
#93=FACE_OUTER_BOUND('',#139,.T.);
#94=FACE_OUTER_BOUND('',#140,.T.);
#95=FACE_OUTER_BOUND('',#142,.T.);
#96=FACE_OUTER_BOUND('',#144,.T.);
#97=FACE_OUTER_BOUND('',#146,.T.);
#98=FACE_OUTER_BOUND('',#147,.T.);
#99=FACE_OUTER_BOUND('',#148,.T.);
#100=FACE_OUTER_BOUND('',#149,.T.);
#101=EDGE_LOOP('',(#423,#424,#425,#426,#427,#428,#429));
#102=EDGE_LOOP('',(#430));
#103=EDGE_LOOP('',(#431,#432,#433,#434));
#104=EDGE_LOOP('',(#435));
#105=EDGE_LOOP('',(#436,#437,#438,#439));
#106=EDGE_LOOP('',(#440,#441,#442,#443,#444,#445,#446,#447,#448,#449,#450));
#107=EDGE_LOOP('',(#451,#452,#453,#454,#455,#456));
#108=EDGE_LOOP('',(#457,#458,#459,#460));
#109=EDGE_LOOP('',(#461,#462,#463,#464));
#110=EDGE_LOOP('',(#465,#466,#467,#468));
#111=EDGE_LOOP('',(#469,#470,#471,#472));
#112=EDGE_LOOP('',(#473,#474,#475,#476));
#113=EDGE_LOOP('',(#477));
#114=EDGE_LOOP('',(#478,#479,#480,#481,#482,#483,#484,#485));
#115=EDGE_LOOP('',(#486,#487,#488,#489));
#116=EDGE_LOOP('',(#490,#491,#492,#493));
#117=EDGE_LOOP('',(#494));
#118=EDGE_LOOP('',(#495));
#119=EDGE_LOOP('',(#496));
#120=EDGE_LOOP('',(#497));
#121=EDGE_LOOP('',(#498,#499,#500,#501));
#122=EDGE_LOOP('',(#502,#503,#504,#505,#506,#507,#508,#509,#510,#511,#512));
#123=EDGE_LOOP('',(#513,#514,#515,#516));
#124=EDGE_LOOP('',(#517,#518,#519,#520));
#125=EDGE_LOOP('',(#521,#522,#523,#524));
#126=EDGE_LOOP('',(#525,#526,#527,#528));
#127=EDGE_LOOP('',(#529,#530,#531,#532));
#128=EDGE_LOOP('',(#533,#534,#535,#536));
#129=EDGE_LOOP('',(#537,#538,#539,#540,#541,#542));
#130=EDGE_LOOP('',(#543));
#131=EDGE_LOOP('',(#544,#545,#546,#547));
#132=EDGE_LOOP('',(#548,#549,#550,#551,#552,#553,#554));
#133=EDGE_LOOP('',(#555,#556,#557,#558));
#134=EDGE_LOOP('',(#559,#560,#561,#562));
#135=EDGE_LOOP('',(#563,#564,#565,#566));
#136=EDGE_LOOP('',(#567));
#137=EDGE_LOOP('',(#568));
#138=EDGE_LOOP('',(#569,#570,#571,#572));
#139=EDGE_LOOP('',(#573,#574,#575,#576));
#140=EDGE_LOOP('',(#577));
#141=EDGE_LOOP('',(#578,#579,#580,#581));
#142=EDGE_LOOP('',(#582));
#143=EDGE_LOOP('',(#583));
#144=EDGE_LOOP('',(#584));
#145=EDGE_LOOP('',(#585,#586,#587,#588));
#146=EDGE_LOOP('',(#589,#590,#591,#592));
#147=EDGE_LOOP('',(#593,#594,#595,#596));
#148=EDGE_LOOP('',(#597,#598,#599,#600));
#149=EDGE_LOOP('',(#601,#602,#603,#604));
#150=LINE('',#920,#197);
#151=LINE('',#924,#198);
#152=LINE('',#928,#199);
#153=LINE('',#929,#200);
#154=LINE('',#934,#201);
#155=LINE('',#936,#202);
#156=LINE('',#937,#203);
#157=LINE('',#943,#204);
#158=LINE('',#945,#205);
#159=LINE('',#947,#206);
#160=LINE('',#948,#207);
#161=LINE('',#951,#208);
#162=LINE('',#953,#209);
#163=LINE('',#955,#210);
#164=LINE('',#957,#211);
#165=LINE('',#958,#212);
#166=LINE('',#960,#213);
#167=LINE('',#979,#214);
#168=LINE('',#982,#215);
#169=LINE('',#1555,#216);
#170=LINE('',#1564,#217);
#171=LINE('',#1638,#218);
#172=LINE('',#1649,#219);
#173=LINE('',#1651,#220);
#174=LINE('',#1653,#221);
#175=LINE('',#1655,#222);
#176=LINE('',#1657,#223);
#177=LINE('',#1658,#224);
#178=LINE('',#1664,#225);
#179=LINE('',#1666,#226);
#180=LINE('',#1671,#227);
#181=LINE('',#1675,#228);
#182=LINE('',#1677,#229);
#183=LINE('',#1678,#230);
#184=LINE('',#1687,#231);
#185=LINE('',#1691,#232);
#186=LINE('',#1695,#233);
#187=LINE('',#1700,#234);
#188=LINE('',#1704,#235);
#189=LINE('',#1710,#236);
#190=LINE('',#1716,#237);
#191=LINE('',#1717,#238);
#192=LINE('',#1725,#239);
#193=LINE('',#1728,#240);
#194=LINE('',#1730,#241);
#195=LINE('',#1731,#242);
#196=LINE('',#1735,#243);
#197=VECTOR('',#747,10.);
#198=VECTOR('',#750,10.);
#199=VECTOR('',#753,10.);
#200=VECTOR('',#754,10.);
#201=VECTOR('',#759,10.);
#202=VECTOR('',#760,10.);
#203=VECTOR('',#761,10.);
#204=VECTOR('',#766,10.);
#205=VECTOR('',#767,10.);
#206=VECTOR('',#768,10.);
#207=VECTOR('',#769,10.);
#208=VECTOR('',#772,10.);
#209=VECTOR('',#773,10.);
#210=VECTOR('',#774,10.);
#211=VECTOR('',#775,10.);
#212=VECTOR('',#776,10.);
#213=VECTOR('',#777,10.);
#214=VECTOR('',#778,10.);
#215=VECTOR('',#781,10.);
#216=VECTOR('',#784,10.);
#217=VECTOR('',#789,10.);
#218=VECTOR('',#796,4.15);
#219=VECTOR('',#811,4.5);
#220=VECTOR('',#814,10.);
#221=VECTOR('',#815,10.);
#222=VECTOR('',#816,10.);
#223=VECTOR('',#817,10.);
#224=VECTOR('',#818,10.);
#225=VECTOR('',#827,10.);
#226=VECTOR('',#830,10.);
#227=VECTOR('',#835,10.);
#228=VECTOR('',#840,10.);
#229=VECTOR('',#841,10.);
#230=VECTOR('',#842,10.);
#231=VECTOR('',#857,2.75);
#232=VECTOR('',#862,2.6);
#233=VECTOR('',#867,7.4);
#234=VECTOR('',#872,10.);
#235=VECTOR('',#875,10.);
#236=VECTOR('',#882,6.15);
#237=VECTOR('',#889,10.);
#238=VECTOR('',#890,10.);
#239=VECTOR('',#899,10.);
#240=VECTOR('',#902,10.);
#241=VECTOR('',#905,10.);
#242=VECTOR('',#906,10.);
#243=VECTOR('',#913,7.5);
#244=CIRCLE('',#680,0.8);
#245=CIRCLE('',#681,0.8);
#246=CIRCLE('',#682,0.8);
#247=CIRCLE('',#683,4.15);
#248=CIRCLE('',#685,4.5);
#249=CIRCLE('',#690,7.4);
#250=CIRCLE('',#692,0.8);
#251=CIRCLE('',#693,0.8);
#252=CIRCLE('',#695,4.15);
#253=CIRCLE('',#697,2.75);
#254=CIRCLE('',#699,4.5);
#255=CIRCLE('',#700,2.6);
#256=CIRCLE('',#706,0.8);
#257=CIRCLE('',#709,0.8);
#258=CIRCLE('',#710,0.8);
#259=CIRCLE('',#713,0.7);
#260=CIRCLE('',#714,2.75);
#261=CIRCLE('',#716,0.7);
#262=CIRCLE('',#720,2.6);
#263=CIRCLE('',#722,7.4);
#264=CIRCLE('',#725,3.85);
#265=CIRCLE('',#726,3.85);
#266=CIRCLE('',#728,6.15);
#267=CIRCLE('',#729,6.15);
#268=CIRCLE('',#731,3.85);
#269=CIRCLE('',#733,7.5);
#270=CIRCLE('',#735,7.5);
#271=CIRCLE('',#736,3.85);
#272=VERTEX_POINT('',#916);
#273=VERTEX_POINT('',#917);
#274=VERTEX_POINT('',#919);
#275=VERTEX_POINT('',#921);
#276=VERTEX_POINT('',#923);
#277=VERTEX_POINT('',#925);
#278=VERTEX_POINT('',#927);
#279=VERTEX_POINT('',#930);
#280=VERTEX_POINT('',#933);
#281=VERTEX_POINT('',#935);
#282=VERTEX_POINT('',#938);
#283=VERTEX_POINT('',#941);
#284=VERTEX_POINT('',#942);
#285=VERTEX_POINT('',#944);
#286=VERTEX_POINT('',#946);
#287=VERTEX_POINT('',#950);
#288=VERTEX_POINT('',#952);
#289=VERTEX_POINT('',#954);
#290=VERTEX_POINT('',#956);
#291=VERTEX_POINT('',#959);
#292=VERTEX_POINT('',#961);
#293=VERTEX_POINT('',#974);
#294=VERTEX_POINT('',#981);
#295=VERTEX_POINT('',#983);
#296=VERTEX_POINT('',#998);
#297=VERTEX_POINT('',#1204);
#298=VERTEX_POINT('',#1398);
#299=VERTEX_POINT('',#1407);
#300=VERTEX_POINT('',#1478);
#301=VERTEX_POINT('',#1479);
#302=VERTEX_POINT('',#1554);
#303=VERTEX_POINT('',#1560);
#304=VERTEX_POINT('',#1563);
#305=VERTEX_POINT('',#1637);
#306=VERTEX_POINT('',#1641);
#307=VERTEX_POINT('',#1644);
#308=VERTEX_POINT('',#1646);
#309=VERTEX_POINT('',#1652);
#310=VERTEX_POINT('',#1654);
#311=VERTEX_POINT('',#1656);
#312=VERTEX_POINT('',#1662);
#313=VERTEX_POINT('',#1668);
#314=VERTEX_POINT('',#1670);
#315=VERTEX_POINT('',#1674);
#316=VERTEX_POINT('',#1676);
#317=VERTEX_POINT('',#1681);
#318=VERTEX_POINT('',#1689);
#319=VERTEX_POINT('',#1693);
#320=VERTEX_POINT('',#1698);
#321=VERTEX_POINT('',#1699);
#322=VERTEX_POINT('',#1701);
#323=VERTEX_POINT('',#1703);
#324=VERTEX_POINT('',#1707);
#325=VERTEX_POINT('',#1709);
#326=VERTEX_POINT('',#1713);
#327=VERTEX_POINT('',#1714);
#328=VERTEX_POINT('',#1719);
#329=VERTEX_POINT('',#1722);
#330=VERTEX_POINT('',#1724);
#331=VERTEX_POINT('',#1726);
#332=EDGE_CURVE('',#272,#273,#244,.T.);
#333=EDGE_CURVE('',#274,#272,#150,.T.);
#334=EDGE_CURVE('',#275,#274,#245,.T.);
#335=EDGE_CURVE('',#275,#276,#151,.T.);
#336=EDGE_CURVE('',#277,#276,#246,.T.);
#337=EDGE_CURVE('',#277,#278,#152,.T.);
#338=EDGE_CURVE('',#273,#278,#153,.T.);
#339=EDGE_CURVE('',#279,#279,#247,.T.);
#340=EDGE_CURVE('',#280,#272,#154,.T.);
#341=EDGE_CURVE('',#281,#280,#155,.T.);
#342=EDGE_CURVE('',#274,#281,#156,.T.);
#343=EDGE_CURVE('',#282,#282,#248,.T.);
#344=EDGE_CURVE('',#283,#284,#157,.T.);
#345=EDGE_CURVE('',#285,#283,#158,.T.);
#346=EDGE_CURVE('',#286,#285,#159,.T.);
#347=EDGE_CURVE('',#284,#286,#160,.T.);
#348=EDGE_CURVE('',#273,#287,#161,.T.);
#349=EDGE_CURVE('',#278,#288,#162,.T.);
#350=EDGE_CURVE('',#288,#289,#163,.T.);
#351=EDGE_CURVE('',#290,#289,#164,.T.);
#352=EDGE_CURVE('',#285,#290,#165,.T.);
#353=EDGE_CURVE('',#291,#283,#166,.T.);
#354=EDGE_CURVE('',#292,#291,#36,.T.);
#355=EDGE_CURVE('',#293,#292,#37,.T.);
#356=EDGE_CURVE('',#287,#293,#167,.T.);
#357=EDGE_CURVE('',#284,#294,#168,.T.);
#358=EDGE_CURVE('',#295,#294,#38,.T.);
#359=EDGE_CURVE('',#296,#295,#39,.T.);
#360=EDGE_CURVE('',#291,#296,#40,.T.);
#361=EDGE_CURVE('',#296,#297,#41,.T.);
#362=EDGE_CURVE('',#297,#292,#42,.T.);
#363=EDGE_CURVE('',#294,#298,#43,.T.);
#364=EDGE_CURVE('',#298,#299,#44,.T.);
#365=EDGE_CURVE('',#299,#295,#45,.T.);
#366=EDGE_CURVE('',#300,#301,#46,.T.);
#367=EDGE_CURVE('',#301,#299,#47,.T.);
#368=EDGE_CURVE('',#298,#300,#48,.T.);
#369=EDGE_CURVE('',#299,#297,#49,.T.);
#370=EDGE_CURVE('',#302,#301,#169,.T.);
#371=EDGE_CURVE('',#297,#302,#50,.T.);
#372=EDGE_CURVE('',#303,#303,#249,.T.);
#373=EDGE_CURVE('',#300,#304,#170,.T.);
#374=EDGE_CURVE('',#281,#304,#250,.T.);
#375=EDGE_CURVE('',#287,#280,#251,.T.);
#376=EDGE_CURVE('',#302,#293,#51,.T.);
#377=EDGE_CURVE('',#279,#305,#171,.T.);
#378=EDGE_CURVE('',#305,#305,#252,.T.);
#379=EDGE_CURVE('',#306,#306,#253,.T.);
#380=EDGE_CURVE('',#307,#307,#254,.T.);
#381=EDGE_CURVE('',#308,#308,#255,.T.);
#382=EDGE_CURVE('',#307,#282,#172,.T.);
#383=EDGE_CURVE('',#304,#275,#173,.T.);
#384=EDGE_CURVE('',#309,#286,#174,.T.);
#385=EDGE_CURVE('',#310,#309,#175,.T.);
#386=EDGE_CURVE('',#310,#311,#176,.T.);
#387=EDGE_CURVE('',#276,#311,#177,.T.);
#388=EDGE_CURVE('',#311,#312,#256,.T.);
#389=EDGE_CURVE('',#312,#277,#178,.T.);
#390=EDGE_CURVE('',#288,#312,#179,.T.);
#391=EDGE_CURVE('',#309,#313,#257,.T.);
#392=EDGE_CURVE('',#313,#314,#180,.T.);
#393=EDGE_CURVE('',#314,#310,#258,.F.);
#394=EDGE_CURVE('',#315,#313,#181,.T.);
#395=EDGE_CURVE('',#316,#315,#182,.T.);
#396=EDGE_CURVE('',#314,#316,#183,.T.);
#397=EDGE_CURVE('',#315,#290,#259,.T.);
#398=EDGE_CURVE('',#317,#317,#260,.T.);
#399=EDGE_CURVE('',#289,#316,#261,.F.);
#400=EDGE_CURVE('',#317,#306,#184,.T.);
#401=EDGE_CURVE('',#318,#318,#262,.T.);
#402=EDGE_CURVE('',#318,#308,#185,.T.);
#403=EDGE_CURVE('',#319,#319,#263,.T.);
#404=EDGE_CURVE('',#319,#303,#186,.T.);
#405=EDGE_CURVE('',#320,#321,#187,.T.);
#406=EDGE_CURVE('',#321,#322,#264,.T.);
#407=EDGE_CURVE('',#322,#323,#188,.T.);
#408=EDGE_CURVE('',#320,#323,#265,.T.);
#409=EDGE_CURVE('',#324,#324,#266,.T.);
#410=EDGE_CURVE('',#324,#325,#189,.T.);
#411=EDGE_CURVE('',#325,#325,#267,.T.);
#412=EDGE_CURVE('',#326,#327,#268,.T.);
#413=EDGE_CURVE('',#327,#320,#190,.T.);
#414=EDGE_CURVE('',#323,#326,#191,.T.);
#415=EDGE_CURVE('',#328,#328,#269,.T.);
#416=EDGE_CURVE('',#329,#329,#270,.T.);
#417=EDGE_CURVE('',#330,#321,#192,.T.);
#418=EDGE_CURVE('',#331,#330,#271,.T.);
#419=EDGE_CURVE('',#322,#331,#193,.T.);
#420=EDGE_CURVE('',#330,#327,#194,.T.);
#421=EDGE_CURVE('',#331,#326,#195,.T.);
#422=EDGE_CURVE('',#328,#329,#196,.T.);
#423=ORIENTED_EDGE('',*,*,#332,.F.);
#424=ORIENTED_EDGE('',*,*,#333,.F.);
#425=ORIENTED_EDGE('',*,*,#334,.F.);
#426=ORIENTED_EDGE('',*,*,#335,.T.);
#427=ORIENTED_EDGE('',*,*,#336,.F.);
#428=ORIENTED_EDGE('',*,*,#337,.T.);
#429=ORIENTED_EDGE('',*,*,#338,.F.);
#430=ORIENTED_EDGE('',*,*,#339,.T.);
#431=ORIENTED_EDGE('',*,*,#340,.F.);
#432=ORIENTED_EDGE('',*,*,#341,.F.);
#433=ORIENTED_EDGE('',*,*,#342,.F.);
#434=ORIENTED_EDGE('',*,*,#333,.T.);
#435=ORIENTED_EDGE('',*,*,#343,.T.);
#436=ORIENTED_EDGE('',*,*,#344,.F.);
#437=ORIENTED_EDGE('',*,*,#345,.F.);
#438=ORIENTED_EDGE('',*,*,#346,.F.);
#439=ORIENTED_EDGE('',*,*,#347,.F.);
#440=ORIENTED_EDGE('',*,*,#348,.F.);
#441=ORIENTED_EDGE('',*,*,#338,.T.);
#442=ORIENTED_EDGE('',*,*,#349,.T.);
#443=ORIENTED_EDGE('',*,*,#350,.T.);
#444=ORIENTED_EDGE('',*,*,#351,.F.);
#445=ORIENTED_EDGE('',*,*,#352,.F.);
#446=ORIENTED_EDGE('',*,*,#345,.T.);
#447=ORIENTED_EDGE('',*,*,#353,.F.);
#448=ORIENTED_EDGE('',*,*,#354,.F.);
#449=ORIENTED_EDGE('',*,*,#355,.F.);
#450=ORIENTED_EDGE('',*,*,#356,.F.);
#451=ORIENTED_EDGE('',*,*,#344,.T.);
#452=ORIENTED_EDGE('',*,*,#357,.T.);
#453=ORIENTED_EDGE('',*,*,#358,.F.);
#454=ORIENTED_EDGE('',*,*,#359,.F.);
#455=ORIENTED_EDGE('',*,*,#360,.F.);
#456=ORIENTED_EDGE('',*,*,#353,.T.);
#457=ORIENTED_EDGE('',*,*,#360,.T.);
#458=ORIENTED_EDGE('',*,*,#361,.T.);
#459=ORIENTED_EDGE('',*,*,#362,.T.);
#460=ORIENTED_EDGE('',*,*,#354,.T.);
#461=ORIENTED_EDGE('',*,*,#358,.T.);
#462=ORIENTED_EDGE('',*,*,#363,.T.);
#463=ORIENTED_EDGE('',*,*,#364,.T.);
#464=ORIENTED_EDGE('',*,*,#365,.T.);
#465=ORIENTED_EDGE('',*,*,#366,.T.);
#466=ORIENTED_EDGE('',*,*,#367,.T.);
#467=ORIENTED_EDGE('',*,*,#364,.F.);
#468=ORIENTED_EDGE('',*,*,#368,.T.);
#469=ORIENTED_EDGE('',*,*,#365,.F.);
#470=ORIENTED_EDGE('',*,*,#369,.T.);
#471=ORIENTED_EDGE('',*,*,#361,.F.);
#472=ORIENTED_EDGE('',*,*,#359,.T.);
#473=ORIENTED_EDGE('',*,*,#367,.F.);
#474=ORIENTED_EDGE('',*,*,#370,.F.);
#475=ORIENTED_EDGE('',*,*,#371,.F.);
#476=ORIENTED_EDGE('',*,*,#369,.F.);
#477=ORIENTED_EDGE('',*,*,#372,.T.);
#478=ORIENTED_EDGE('',*,*,#366,.F.);
#479=ORIENTED_EDGE('',*,*,#373,.T.);
#480=ORIENTED_EDGE('',*,*,#374,.F.);
#481=ORIENTED_EDGE('',*,*,#341,.T.);
#482=ORIENTED_EDGE('',*,*,#375,.F.);
#483=ORIENTED_EDGE('',*,*,#356,.T.);
#484=ORIENTED_EDGE('',*,*,#376,.F.);
#485=ORIENTED_EDGE('',*,*,#370,.T.);
#486=ORIENTED_EDGE('',*,*,#376,.T.);
#487=ORIENTED_EDGE('',*,*,#355,.T.);
#488=ORIENTED_EDGE('',*,*,#362,.F.);
#489=ORIENTED_EDGE('',*,*,#371,.T.);
#490=ORIENTED_EDGE('',*,*,#339,.F.);
#491=ORIENTED_EDGE('',*,*,#377,.T.);
#492=ORIENTED_EDGE('',*,*,#378,.T.);
#493=ORIENTED_EDGE('',*,*,#377,.F.);
#494=ORIENTED_EDGE('',*,*,#378,.F.);
#495=ORIENTED_EDGE('',*,*,#379,.F.);
#496=ORIENTED_EDGE('',*,*,#380,.F.);
#497=ORIENTED_EDGE('',*,*,#381,.F.);
#498=ORIENTED_EDGE('',*,*,#380,.T.);
#499=ORIENTED_EDGE('',*,*,#382,.T.);
#500=ORIENTED_EDGE('',*,*,#343,.F.);
#501=ORIENTED_EDGE('',*,*,#382,.F.);
#502=ORIENTED_EDGE('',*,*,#383,.F.);
#503=ORIENTED_EDGE('',*,*,#373,.F.);
#504=ORIENTED_EDGE('',*,*,#368,.F.);
#505=ORIENTED_EDGE('',*,*,#363,.F.);
#506=ORIENTED_EDGE('',*,*,#357,.F.);
#507=ORIENTED_EDGE('',*,*,#347,.T.);
#508=ORIENTED_EDGE('',*,*,#384,.F.);
#509=ORIENTED_EDGE('',*,*,#385,.F.);
#510=ORIENTED_EDGE('',*,*,#386,.T.);
#511=ORIENTED_EDGE('',*,*,#387,.F.);
#512=ORIENTED_EDGE('',*,*,#335,.F.);
#513=ORIENTED_EDGE('',*,*,#342,.T.);
#514=ORIENTED_EDGE('',*,*,#374,.T.);
#515=ORIENTED_EDGE('',*,*,#383,.T.);
#516=ORIENTED_EDGE('',*,*,#334,.T.);
#517=ORIENTED_EDGE('',*,*,#348,.T.);
#518=ORIENTED_EDGE('',*,*,#375,.T.);
#519=ORIENTED_EDGE('',*,*,#340,.T.);
#520=ORIENTED_EDGE('',*,*,#332,.T.);
#521=ORIENTED_EDGE('',*,*,#388,.T.);
#522=ORIENTED_EDGE('',*,*,#389,.T.);
#523=ORIENTED_EDGE('',*,*,#336,.T.);
#524=ORIENTED_EDGE('',*,*,#387,.T.);
#525=ORIENTED_EDGE('',*,*,#389,.F.);
#526=ORIENTED_EDGE('',*,*,#390,.F.);
#527=ORIENTED_EDGE('',*,*,#349,.F.);
#528=ORIENTED_EDGE('',*,*,#337,.F.);
#529=ORIENTED_EDGE('',*,*,#391,.T.);
#530=ORIENTED_EDGE('',*,*,#392,.T.);
#531=ORIENTED_EDGE('',*,*,#393,.T.);
#532=ORIENTED_EDGE('',*,*,#385,.T.);
#533=ORIENTED_EDGE('',*,*,#392,.F.);
#534=ORIENTED_EDGE('',*,*,#394,.F.);
#535=ORIENTED_EDGE('',*,*,#395,.F.);
#536=ORIENTED_EDGE('',*,*,#396,.F.);
#537=ORIENTED_EDGE('',*,*,#391,.F.);
#538=ORIENTED_EDGE('',*,*,#384,.T.);
#539=ORIENTED_EDGE('',*,*,#346,.T.);
#540=ORIENTED_EDGE('',*,*,#352,.T.);
#541=ORIENTED_EDGE('',*,*,#397,.F.);
#542=ORIENTED_EDGE('',*,*,#394,.T.);
#543=ORIENTED_EDGE('',*,*,#398,.T.);
#544=ORIENTED_EDGE('',*,*,#397,.T.);
#545=ORIENTED_EDGE('',*,*,#351,.T.);
#546=ORIENTED_EDGE('',*,*,#399,.T.);
#547=ORIENTED_EDGE('',*,*,#395,.T.);
#548=ORIENTED_EDGE('',*,*,#388,.F.);
#549=ORIENTED_EDGE('',*,*,#386,.F.);
#550=ORIENTED_EDGE('',*,*,#393,.F.);
#551=ORIENTED_EDGE('',*,*,#396,.T.);
#552=ORIENTED_EDGE('',*,*,#399,.F.);
#553=ORIENTED_EDGE('',*,*,#350,.F.);
#554=ORIENTED_EDGE('',*,*,#390,.T.);
#555=ORIENTED_EDGE('',*,*,#398,.F.);
#556=ORIENTED_EDGE('',*,*,#400,.T.);
#557=ORIENTED_EDGE('',*,*,#379,.T.);
#558=ORIENTED_EDGE('',*,*,#400,.F.);
#559=ORIENTED_EDGE('',*,*,#401,.F.);
#560=ORIENTED_EDGE('',*,*,#402,.T.);
#561=ORIENTED_EDGE('',*,*,#381,.T.);
#562=ORIENTED_EDGE('',*,*,#402,.F.);
#563=ORIENTED_EDGE('',*,*,#403,.F.);
#564=ORIENTED_EDGE('',*,*,#404,.T.);
#565=ORIENTED_EDGE('',*,*,#372,.F.);
#566=ORIENTED_EDGE('',*,*,#404,.F.);
#567=ORIENTED_EDGE('',*,*,#403,.T.);
#568=ORIENTED_EDGE('',*,*,#401,.T.);
#569=ORIENTED_EDGE('',*,*,#405,.T.);
#570=ORIENTED_EDGE('',*,*,#406,.T.);
#571=ORIENTED_EDGE('',*,*,#407,.T.);
#572=ORIENTED_EDGE('',*,*,#408,.F.);
#573=ORIENTED_EDGE('',*,*,#409,.F.);
#574=ORIENTED_EDGE('',*,*,#410,.T.);
#575=ORIENTED_EDGE('',*,*,#411,.F.);
#576=ORIENTED_EDGE('',*,*,#410,.F.);
#577=ORIENTED_EDGE('',*,*,#409,.T.);
#578=ORIENTED_EDGE('',*,*,#412,.T.);
#579=ORIENTED_EDGE('',*,*,#413,.T.);
#580=ORIENTED_EDGE('',*,*,#408,.T.);
#581=ORIENTED_EDGE('',*,*,#414,.T.);
#582=ORIENTED_EDGE('',*,*,#415,.F.);
#583=ORIENTED_EDGE('',*,*,#411,.T.);
#584=ORIENTED_EDGE('',*,*,#416,.F.);
#585=ORIENTED_EDGE('',*,*,#417,.F.);
#586=ORIENTED_EDGE('',*,*,#418,.F.);
#587=ORIENTED_EDGE('',*,*,#419,.F.);
#588=ORIENTED_EDGE('',*,*,#406,.F.);
#589=ORIENTED_EDGE('',*,*,#420,.T.);
#590=ORIENTED_EDGE('',*,*,#412,.F.);
#591=ORIENTED_EDGE('',*,*,#421,.F.);
#592=ORIENTED_EDGE('',*,*,#418,.T.);
#593=ORIENTED_EDGE('',*,*,#420,.F.);
#594=ORIENTED_EDGE('',*,*,#417,.T.);
#595=ORIENTED_EDGE('',*,*,#405,.F.);
#596=ORIENTED_EDGE('',*,*,#413,.F.);
#597=ORIENTED_EDGE('',*,*,#407,.F.);
#598=ORIENTED_EDGE('',*,*,#419,.T.);
#599=ORIENTED_EDGE('',*,*,#421,.T.);
#600=ORIENTED_EDGE('',*,*,#414,.F.);
#601=ORIENTED_EDGE('',*,*,#415,.T.);
#602=ORIENTED_EDGE('',*,*,#422,.T.);
#603=ORIENTED_EDGE('',*,*,#416,.T.);
#604=ORIENTED_EDGE('',*,*,#422,.F.);
#605=PLANE('',#679);
#606=PLANE('',#684);
#607=PLANE('',#686);
#608=PLANE('',#687);
#609=PLANE('',#688);
#610=PLANE('',#689);
#611=PLANE('',#691);
#612=PLANE('',#696);
#613=PLANE('',#698);
#614=PLANE('',#702);
#615=PLANE('',#707);
#616=PLANE('',#711);
#617=PLANE('',#712);
#618=PLANE('',#717);
#619=PLANE('',#723);
#620=PLANE('',#730);
#621=PLANE('',#732);
#622=PLANE('',#734);
#623=PLANE('',#738);
#624=PLANE('',#739);
#625=ADVANCED_FACE('',(#62,#52),#605,.F.);
#626=ADVANCED_FACE('',(#63,#53),#606,.T.);
#627=ADVANCED_FACE('',(#64),#607,.F.);
#628=ADVANCED_FACE('',(#65),#608,.T.);
#629=ADVANCED_FACE('',(#66),#609,.F.);
#630=ADVANCED_FACE('',(#67),#31,.T.);
#631=ADVANCED_FACE('',(#68),#32,.T.);
#632=ADVANCED_FACE('',(#69),#33,.T.);
#633=ADVANCED_FACE('',(#70),#34,.T.);
#634=ADVANCED_FACE('',(#71,#54),#610,.T.);
#635=ADVANCED_FACE('',(#72),#611,.T.);
#636=ADVANCED_FACE('',(#73),#35,.T.);
#637=ADVANCED_FACE('',(#74),#17,.F.);
#638=ADVANCED_FACE('',(#75,#55),#612,.F.);
#639=ADVANCED_FACE('',(#76,#56),#613,.F.);
#640=ADVANCED_FACE('',(#77),#18,.F.);
#641=ADVANCED_FACE('',(#78),#614,.T.);
#642=ADVANCED_FACE('',(#79),#19,.T.);
#643=ADVANCED_FACE('',(#80),#20,.T.);
#644=ADVANCED_FACE('',(#81),#21,.T.);
#645=ADVANCED_FACE('',(#82),#615,.T.);
#646=ADVANCED_FACE('',(#83),#22,.T.);
#647=ADVANCED_FACE('',(#84),#616,.F.);
#648=ADVANCED_FACE('',(#85,#57),#617,.T.);
#649=ADVANCED_FACE('',(#86),#23,.T.);
#650=ADVANCED_FACE('',(#87),#618,.T.);
#651=ADVANCED_FACE('',(#88),#24,.F.);
#652=ADVANCED_FACE('',(#89),#25,.F.);
#653=ADVANCED_FACE('',(#90),#26,.T.);
#654=ADVANCED_FACE('',(#91,#58),#619,.T.);
#655=ADVANCED_FACE('',(#92),#27,.F.);
#656=ADVANCED_FACE('',(#93),#28,.T.);
#657=ADVANCED_FACE('',(#94,#59),#620,.T.);
#658=ADVANCED_FACE('',(#95,#60),#621,.T.);
#659=ADVANCED_FACE('',(#96,#61),#622,.F.);
#660=ADVANCED_FACE('',(#97),#29,.F.);
#661=ADVANCED_FACE('',(#98),#623,.T.);
#662=ADVANCED_FACE('',(#99),#624,.T.);
#663=ADVANCED_FACE('',(#100),#30,.T.);
#664=CLOSED_SHELL('',(#625,#626,#627,#628,#629,#630,#631,#632,#633,#634,
#635,#636,#637,#638,#639,#640,#641,#642,#643,#644,#645,#646,#647,#648,#649,
#650,#651,#652,#653,#654));
#665=CLOSED_SHELL('',(#655,#656,#657,#658,#659,#660,#661,#662,#663));
#666=DERIVED_UNIT_ELEMENT(#668,1.);
#667=DERIVED_UNIT_ELEMENT(#1741,-3.);
#668=(
MASS_UNIT()
NAMED_UNIT(*)
SI_UNIT(.KILO.,.GRAM.)
);
#669=DERIVED_UNIT((#666,#667));
#670=MEASURE_REPRESENTATION_ITEM('density measure',
POSITIVE_RATIO_MEASURE(7850.),#669);
#671=PROPERTY_DEFINITION_REPRESENTATION(#676,#673);
#672=PROPERTY_DEFINITION_REPRESENTATION(#677,#674);
#673=REPRESENTATION('material name',(#675),#1738);
#674=REPRESENTATION('density',(#670),#1738);
#675=DESCRIPTIVE_REPRESENTATION_ITEM('Steel','Steel');
#676=PROPERTY_DEFINITION('material property','material name',#1748);
#677=PROPERTY_DEFINITION('material property','density of part',#1748);
#678=AXIS2_PLACEMENT_3D('',#914,#741,#742);
#679=AXIS2_PLACEMENT_3D('',#915,#743,#744);
#680=AXIS2_PLACEMENT_3D('',#918,#745,#746);
#681=AXIS2_PLACEMENT_3D('',#922,#748,#749);
#682=AXIS2_PLACEMENT_3D('',#926,#751,#752);
#683=AXIS2_PLACEMENT_3D('',#931,#755,#756);
#684=AXIS2_PLACEMENT_3D('',#932,#757,#758);
#685=AXIS2_PLACEMENT_3D('',#939,#762,#763);
#686=AXIS2_PLACEMENT_3D('',#940,#764,#765);
#687=AXIS2_PLACEMENT_3D('',#949,#770,#771);
#688=AXIS2_PLACEMENT_3D('',#980,#779,#780);
#689=AXIS2_PLACEMENT_3D('',#1553,#782,#783);
#690=AXIS2_PLACEMENT_3D('',#1561,#785,#786);
#691=AXIS2_PLACEMENT_3D('',#1562,#787,#788);
#692=AXIS2_PLACEMENT_3D('',#1565,#790,#791);
#693=AXIS2_PLACEMENT_3D('',#1566,#792,#793);
#694=AXIS2_PLACEMENT_3D('',#1636,#794,#795);
#695=AXIS2_PLACEMENT_3D('',#1639,#797,#798);
#696=AXIS2_PLACEMENT_3D('',#1640,#799,#800);
#697=AXIS2_PLACEMENT_3D('',#1642,#801,#802);
#698=AXIS2_PLACEMENT_3D('',#1643,#803,#804);
#699=AXIS2_PLACEMENT_3D('',#1645,#805,#806);
#700=AXIS2_PLACEMENT_3D('',#1647,#807,#808);
#701=AXIS2_PLACEMENT_3D('',#1648,#809,#810);
#702=AXIS2_PLACEMENT_3D('',#1650,#812,#813);
#703=AXIS2_PLACEMENT_3D('',#1659,#819,#820);
#704=AXIS2_PLACEMENT_3D('',#1660,#821,#822);
#705=AXIS2_PLACEMENT_3D('',#1661,#823,#824);
#706=AXIS2_PLACEMENT_3D('',#1663,#825,#826);
#707=AXIS2_PLACEMENT_3D('',#1665,#828,#829);
#708=AXIS2_PLACEMENT_3D('',#1667,#831,#832);
#709=AXIS2_PLACEMENT_3D('',#1669,#833,#834);
#710=AXIS2_PLACEMENT_3D('',#1672,#836,#837);
#711=AXIS2_PLACEMENT_3D('',#1673,#838,#839);
#712=AXIS2_PLACEMENT_3D('',#1679,#843,#844);
#713=AXIS2_PLACEMENT_3D('',#1680,#845,#846);
#714=AXIS2_PLACEMENT_3D('',#1682,#847,#848);
#715=AXIS2_PLACEMENT_3D('',#1683,#849,#850);
#716=AXIS2_PLACEMENT_3D('',#1684,#851,#852);
#717=AXIS2_PLACEMENT_3D('',#1685,#853,#854);
#718=AXIS2_PLACEMENT_3D('',#1686,#855,#856);
#719=AXIS2_PLACEMENT_3D('',#1688,#858,#859);
#720=AXIS2_PLACEMENT_3D('',#1690,#860,#861);
#721=AXIS2_PLACEMENT_3D('',#1692,#863,#864);
#722=AXIS2_PLACEMENT_3D('',#1694,#865,#866);
#723=AXIS2_PLACEMENT_3D('',#1696,#868,#869);
#724=AXIS2_PLACEMENT_3D('',#1697,#870,#871);
#725=AXIS2_PLACEMENT_3D('',#1702,#873,#874);
#726=AXIS2_PLACEMENT_3D('',#1705,#876,#877);
#727=AXIS2_PLACEMENT_3D('',#1706,#878,#879);
#728=AXIS2_PLACEMENT_3D('',#1708,#880,#881);
#729=AXIS2_PLACEMENT_3D('',#1711,#883,#884);
#730=AXIS2_PLACEMENT_3D('',#1712,#885,#886);
#731=AXIS2_PLACEMENT_3D('',#1715,#887,#888);
#732=AXIS2_PLACEMENT_3D('',#1718,#891,#892);
#733=AXIS2_PLACEMENT_3D('',#1720,#893,#894);
#734=AXIS2_PLACEMENT_3D('',#1721,#895,#896);
#735=AXIS2_PLACEMENT_3D('',#1723,#897,#898);
#736=AXIS2_PLACEMENT_3D('',#1727,#900,#901);
#737=AXIS2_PLACEMENT_3D('',#1729,#903,#904);
#738=AXIS2_PLACEMENT_3D('',#1732,#907,#908);
#739=AXIS2_PLACEMENT_3D('',#1733,#909,#910);
#740=AXIS2_PLACEMENT_3D('',#1734,#911,#912);
#741=DIRECTION('axis',(0.,0.,1.));
#742=DIRECTION('refdir',(1.,0.,0.));
#743=DIRECTION('center_axis',(0.,1.,0.));
#744=DIRECTION('ref_axis',(1.,0.,0.));
#745=DIRECTION('center_axis',(0.,1.,0.));
#746=DIRECTION('ref_axis',(-0.707106781186548,0.,0.707106781186548));
#747=DIRECTION('',(0.,0.,1.));
#748=DIRECTION('center_axis',(0.,1.,0.));
#749=DIRECTION('ref_axis',(-0.707106781186548,0.,-0.707106781186547));
#750=DIRECTION('',(1.,0.,0.));
#751=DIRECTION('center_axis',(0.,1.,0.));
#752=DIRECTION('ref_axis',(0.707106781186548,0.,-0.707106781186548));
#753=DIRECTION('',(0.,0.,1.));
#754=DIRECTION('',(1.,0.,0.));
#755=DIRECTION('center_axis',(0.,1.,0.));
#756=DIRECTION('ref_axis',(1.,0.,0.));
#757=DIRECTION('center_axis',(-1.,0.,0.));
#758=DIRECTION('ref_axis',(0.,0.,1.));
#759=DIRECTION('',(0.,-1.,0.));
#760=DIRECTION('',(0.,0.,1.));
#761=DIRECTION('',(0.,1.,0.));
#762=DIRECTION('center_axis',(1.,0.,0.));
#763=DIRECTION('ref_axis',(0.,0.,-1.));
#764=DIRECTION('center_axis',(-1.,0.,0.));
#765=DIRECTION('ref_axis',(0.,0.,1.));
#766=DIRECTION('',(0.,0.,-1.));
#767=DIRECTION('',(0.,1.,0.));
#768=DIRECTION('',(0.,0.,1.));
#769=DIRECTION('',(0.,-1.,0.));
#770=DIRECTION('center_axis',(0.,0.,1.));
#771=DIRECTION('ref_axis',(1.,0.,0.));
#772=DIRECTION('',(0.,1.,0.));
#773=DIRECTION('',(0.,1.,0.));
#774=DIRECTION('',(-1.,0.,0.));
#775=DIRECTION('',(0.,-1.,0.));
#776=DIRECTION('',(1.,0.,0.));
#777=DIRECTION('',(1.,0.,0.));
#778=DIRECTION('',(1.,0.,0.));
#779=DIRECTION('center_axis',(0.,-1.,0.));
#780=DIRECTION('ref_axis',(0.,0.,-1.));
#781=DIRECTION('',(-1.,0.,0.));
#782=DIRECTION('center_axis',(1.,0.,0.));
#783=DIRECTION('ref_axis',(0.,0.,-1.));
#784=DIRECTION('',(0.,0.,-1.));
#785=DIRECTION('center_axis',(-1.,0.,0.));
#786=DIRECTION('ref_axis',(0.,0.,-1.));
#787=DIRECTION('center_axis',(0.,1.,0.));
#788=DIRECTION('ref_axis',(0.,0.,1.));
#789=DIRECTION('',(-1.,0.,0.));
#790=DIRECTION('center_axis',(0.,-1.,0.));
#791=DIRECTION('ref_axis',(-0.707106781186548,0.,-0.707106781186547));
#792=DIRECTION('center_axis',(0.,-1.,0.));
#793=DIRECTION('ref_axis',(-0.707106781186548,0.,0.707106781186548));
#794=DIRECTION('center_axis',(0.,1.,0.));
#795=DIRECTION('ref_axis',(1.,0.,0.));
#796=DIRECTION('',(0.,1.,0.));
#797=DIRECTION('center_axis',(0.,1.,0.));
#798=DIRECTION('ref_axis',(1.,0.,0.));
#799=DIRECTION('center_axis',(0.,1.,0.));
#800=DIRECTION('ref_axis',(1.,0.,0.));
#801=DIRECTION('center_axis',(0.,-1.,0.));
#802=DIRECTION('ref_axis',(1.,0.,0.));
#803=DIRECTION('center_axis',(1.,0.,0.));
#804=DIRECTION('ref_axis',(0.,0.,-1.));
#805=DIRECTION('center_axis',(1.,0.,0.));
#806=DIRECTION('ref_axis',(0.,0.,-1.));
#807=DIRECTION('center_axis',(-1.,0.,0.));
#808=DIRECTION('ref_axis',(0.,0.,-1.));
#809=DIRECTION('center_axis',(-1.,0.,0.));
#810=DIRECTION('ref_axis',(0.,0.,-1.));
#811=DIRECTION('',(-1.,0.,0.));
#812=DIRECTION('center_axis',(0.,0.,-1.));
#813=DIRECTION('ref_axis',(-1.,0.,0.));
#814=DIRECTION('',(0.,-1.,0.));
#815=DIRECTION('',(-1.,0.,0.));
#816=DIRECTION('',(0.,1.,0.));
#817=DIRECTION('',(1.,0.,0.));
#818=DIRECTION('',(0.,1.,0.));
#819=DIRECTION('center_axis',(0.,1.,0.));
#820=DIRECTION('ref_axis',(-0.707106781186548,0.,-0.707106781186547));
#821=DIRECTION('center_axis',(0.,1.,0.));
#822=DIRECTION('ref_axis',(-0.707106781186548,0.,0.707106781186548));
#823=DIRECTION('center_axis',(0.,1.,0.));
#824=DIRECTION('ref_axis',(0.707106781186548,0.,-0.707106781186548));
#825=DIRECTION('center_axis',(0.,-1.,0.));
#826=DIRECTION('ref_axis',(0.707106781186548,0.,-0.707106781186548));
#827=DIRECTION('',(0.,-1.,0.));
#828=DIRECTION('center_axis',(1.,0.,0.));
#829=DIRECTION('ref_axis',(0.,0.,-1.));
#830=DIRECTION('',(0.,0.,-1.));
#831=DIRECTION('center_axis',(0.,-1.,0.));
#832=DIRECTION('ref_axis',(0.707106781186548,0.,-0.707106781186548));
#833=DIRECTION('center_axis',(0.,-1.,0.));
#834=DIRECTION('ref_axis',(0.707106781186548,0.,-0.707106781186548));
#835=DIRECTION('',(0.,-1.,0.));
#836=DIRECTION('center_axis',(0.,-1.,0.));
#837=DIRECTION('ref_axis',(0.707106781186548,0.,-0.707106781186548));
#838=DIRECTION('center_axis',(-1.,0.,0.));
#839=DIRECTION('ref_axis',(0.,0.,1.));
#840=DIRECTION('',(0.,0.,-1.));
#841=DIRECTION('',(0.,1.,0.));
#842=DIRECTION('',(0.,0.,1.));
#843=DIRECTION('center_axis',(0.,1.,0.));
#844=DIRECTION('ref_axis',(1.,0.,0.));
#845=DIRECTION('center_axis',(0.,-1.,0.));
#846=DIRECTION('ref_axis',(0.707106781186548,0.,0.707106781186548));
#847=DIRECTION('center_axis',(0.,-1.,0.));
#848=DIRECTION('ref_axis',(1.,0.,0.));
#849=DIRECTION('center_axis',(0.,1.,0.));
#850=DIRECTION('ref_axis',(0.707106781186548,0.,0.707106781186548));
#851=DIRECTION('center_axis',(0.,-1.,0.));
#852=DIRECTION('ref_axis',(0.707106781186548,0.,0.707106781186548));
#853=DIRECTION('center_axis',(0.,1.,0.));
#854=DIRECTION('ref_axis',(0.,0.,1.));
#855=DIRECTION('center_axis',(0.,1.,0.));
#856=DIRECTION('ref_axis',(1.,0.,0.));
#857=DIRECTION('',(0.,-1.,0.));
#858=DIRECTION('center_axis',(1.,0.,0.));
#859=DIRECTION('ref_axis',(0.,0.,-1.));
#860=DIRECTION('center_axis',(-1.,0.,0.));
#861=DIRECTION('ref_axis',(0.,0.,-1.));
#862=DIRECTION('',(-1.,0.,0.));
#863=DIRECTION('center_axis',(1.,0.,0.));
#864=DIRECTION('ref_axis',(0.,0.,-1.));
#865=DIRECTION('center_axis',(1.,0.,0.));
#866=DIRECTION('ref_axis',(0.,0.,-1.));
#867=DIRECTION('',(-1.,0.,0.));
#868=DIRECTION('center_axis',(1.,0.,0.));
#869=DIRECTION('ref_axis',(0.,0.,-1.));
#870=DIRECTION('center_axis',(0.,1.,0.));
#871=DIRECTION('ref_axis',(1.,0.,0.));
#872=DIRECTION('',(0.,-1.,0.));
#873=DIRECTION('center_axis',(0.,-1.,0.));
#874=DIRECTION('ref_axis',(1.,0.,0.));
#875=DIRECTION('',(0.,1.,0.));
#876=DIRECTION('center_axis',(0.,-1.,0.));
#877=DIRECTION('ref_axis',(1.,0.,0.));
#878=DIRECTION('center_axis',(0.,1.,0.));
#879=DIRECTION('ref_axis',(1.,0.,0.));
#880=DIRECTION('center_axis',(0.,1.,0.));
#881=DIRECTION('ref_axis',(1.,0.,0.));
#882=DIRECTION('',(0.,-1.,0.));
#883=DIRECTION('center_axis',(0.,-1.,0.));
#884=DIRECTION('ref_axis',(1.,0.,0.));
#885=DIRECTION('center_axis',(0.,1.,0.));
#886=DIRECTION('ref_axis',(1.,0.,0.));
#887=DIRECTION('center_axis',(0.,-1.,0.));
#888=DIRECTION('ref_axis',(1.,0.,0.));
#889=DIRECTION('',(-0.0863545241238885,0.,-0.996264470993188));
#890=DIRECTION('',(0.0863545241238895,0.,0.996264470993188));
#891=DIRECTION('center_axis',(0.,1.,0.));
#892=DIRECTION('ref_axis',(1.,0.,0.));
#893=DIRECTION('center_axis',(0.,-1.,0.));
#894=DIRECTION('ref_axis',(1.,0.,0.));
#895=DIRECTION('center_axis',(0.,1.,0.));
#896=DIRECTION('ref_axis',(1.,0.,0.));
#897=DIRECTION('center_axis',(0.,1.,0.));
#898=DIRECTION('ref_axis',(1.,0.,0.));
#899=DIRECTION('',(-0.0863545241238885,0.,-0.996264470993188));
#900=DIRECTION('center_axis',(0.,-1.,0.));
#901=DIRECTION('ref_axis',(1.,0.,0.));
#902=DIRECTION('',(0.0863545241238895,0.,0.996264470993188));
#903=DIRECTION('center_axis',(0.,1.,0.));
#904=DIRECTION('ref_axis',(1.,0.,0.));
#905=DIRECTION('',(0.,1.,0.));
#906=DIRECTION('',(0.,1.,0.));
#907=DIRECTION('center_axis',(0.996264470993188,0.,-0.0863545241238885));
#908=DIRECTION('ref_axis',(-0.0863545241238885,0.,-0.996264470993188));
#909=DIRECTION('center_axis',(-0.996264470993188,0.,0.0863545241238895));
#910=DIRECTION('ref_axis',(0.0863545241238895,0.,0.996264470993188));
#911=DIRECTION('center_axis',(0.,1.,0.));
#912=DIRECTION('ref_axis',(1.,0.,0.));
#913=DIRECTION('',(0.,-1.,0.));
#914=CARTESIAN_POINT('',(0.,0.,0.));
#915=CARTESIAN_POINT('Origin',(14.5,0.,9.25));
#916=CARTESIAN_POINT('',(-6.5,0.,17.7));
#917=CARTESIAN_POINT('',(-5.7,0.,18.5));
#918=CARTESIAN_POINT('Origin',(-5.7,0.,17.7));
#919=CARTESIAN_POINT('',(-6.5,0.,0.8));
#920=CARTESIAN_POINT('',(-6.5,0.,0.));
#921=CARTESIAN_POINT('',(-5.7,0.,0.));
#922=CARTESIAN_POINT('Origin',(-5.7,0.,0.8));
#923=CARTESIAN_POINT('',(31.7,0.,0.));
#924=CARTESIAN_POINT('',(29.,0.,0.));
#925=CARTESIAN_POINT('',(32.5,0.,0.800000000000001));
#926=CARTESIAN_POINT('Origin',(31.7,0.,0.800000000000001));
#927=CARTESIAN_POINT('',(32.5,0.,18.5));
#928=CARTESIAN_POINT('',(32.5,0.,0.));
#929=CARTESIAN_POINT('',(-6.5,0.,18.5));
#930=CARTESIAN_POINT('',(10.35,0.,9.25));
#931=CARTESIAN_POINT('Origin',(14.5,0.,9.25));
#932=CARTESIAN_POINT('Origin',(-6.5,0.,0.));
#933=CARTESIAN_POINT('',(-6.5,36.,17.7));
#934=CARTESIAN_POINT('',(-6.5,0.,17.7));
#935=CARTESIAN_POINT('',(-6.5,36.,0.8));
#936=CARTESIAN_POINT('',(-6.5,36.,0.));
#937=CARTESIAN_POINT('',(-6.5,0.,0.8));
#938=CARTESIAN_POINT('',(-6.5,27.,13.75));
#939=CARTESIAN_POINT('Origin',(-6.5,27.,9.25));
#940=CARTESIAN_POINT('Origin',(3.3,13.6,18.5));
#941=CARTESIAN_POINT('',(3.3,15.75,18.5));
#942=CARTESIAN_POINT('',(3.3,15.75,0.));
#943=CARTESIAN_POINT('',(3.3,15.75,13.875));
#944=CARTESIAN_POINT('',(3.3,13.6,18.5));
#945=CARTESIAN_POINT('',(3.3,6.8,18.5));
#946=CARTESIAN_POINT('',(3.3,13.6,0.));
#947=CARTESIAN_POINT('',(3.3,13.6,13.875));
#948=CARTESIAN_POINT('',(3.3,6.8,0.));
#949=CARTESIAN_POINT('Origin',(0.,0.,18.5));
#950=CARTESIAN_POINT('',(-5.7,36.,18.5));
#951=CARTESIAN_POINT('',(-5.7,0.,18.5));
#952=CARTESIAN_POINT('',(32.5,10.,18.5));
#953=CARTESIAN_POINT('',(32.5,0.,18.5));
#954=CARTESIAN_POINT('',(28.1,10.,18.5));
#955=CARTESIAN_POINT('',(14.5,10.,18.5));
#956=CARTESIAN_POINT('',(28.1,13.6,18.5));
#957=CARTESIAN_POINT('',(28.1,0.,18.5));
#958=CARTESIAN_POINT('',(29.,13.6,18.5));
#959=CARTESIAN_POINT('',(-2.40450200318566,15.75,18.5));
#960=CARTESIAN_POINT('',(-6.5,15.75,18.5));
#961=CARTESIAN_POINT('',(-4.,18.75,18.5));
#962=CARTESIAN_POINT('Ctrl Pts',(-4.,18.75,18.5));
#963=CARTESIAN_POINT('Ctrl Pts',(-4.,18.5060663094453,18.5));
#964=CARTESIAN_POINT('Ctrl Pts',(-3.95412990847031,18.2548110769166,18.5));
#965=CARTESIAN_POINT('Ctrl Pts',(-3.89065626110965,18.0158151425696,18.5));
#966=CARTESIAN_POINT('Ctrl Pts',(-3.85315208575242,17.89852916888,18.5));
#967=CARTESIAN_POINT('Ctrl Pts',(-3.80184097811205,17.7532506727525,18.5));
#968=CARTESIAN_POINT('Ctrl Pts',(-3.69923688249425,17.5038618409099,18.5));
#969=CARTESIAN_POINT('Ctrl Pts',(-3.5277391516277,17.1690892413697,18.5));
#970=CARTESIAN_POINT('Ctrl Pts',(-3.19920907762595,16.6484625949875,18.5));
#971=CARTESIAN_POINT('Ctrl Pts',(-2.81620884489913,16.1713061838191,18.5));
#972=CARTESIAN_POINT('Ctrl Pts',(-2.50270197452096,15.8461126088447,18.5));
#973=CARTESIAN_POINT('Ctrl Pts',(-2.40389543019597,15.7491682515802,18.5));
#974=CARTESIAN_POINT('',(-4.,36.,18.5));
#975=CARTESIAN_POINT('Ctrl Pts',(-4.,36.,18.5));
#976=CARTESIAN_POINT('Ctrl Pts',(-4.,30.25,18.5));
#977=CARTESIAN_POINT('Ctrl Pts',(-4.,24.5,18.5));
#978=CARTESIAN_POINT('Ctrl Pts',(-4.,18.75,18.5));
#979=CARTESIAN_POINT('',(-6.5,36.,18.5));
#980=CARTESIAN_POINT('Origin',(1.75,15.75,9.25));
#981=CARTESIAN_POINT('',(-2.40450200303395,15.75,0.));
#982=CARTESIAN_POINT('',(0.,15.75,0.));
#983=CARTESIAN_POINT('',(0.500000000000002,15.75,1.7));
#984=CARTESIAN_POINT('Ctrl Pts',(0.500000000000001,15.75,1.7));
#985=CARTESIAN_POINT('Ctrl Pts',(0.498768766087474,15.75,1.69980266086094));
#986=CARTESIAN_POINT('Ctrl Pts',(0.497537994455056,15.75,1.69960235850777));
#987=CARTESIAN_POINT('Ctrl Pts',(0.295488398455126,15.75,1.66622811346994));
#988=CARTESIAN_POINT('Ctrl Pts',(-0.00902877289795011,15.75,1.53613959448036));
#989=CARTESIAN_POINT('Ctrl Pts',(-0.938284066185899,15.75,0.964181345686372));
#990=CARTESIAN_POINT('Ctrl Pts',(-1.37079698687064,15.75,0.663640501914381));
#991=CARTESIAN_POINT('Ctrl Pts',(-1.98441830764182,15.75,0.24303380693138));
#992=CARTESIAN_POINT('Ctrl Pts',(-2.21460774368694,15.7500000000205,0.0874537034565789));
#993=CARTESIAN_POINT('Ctrl Pts',(-2.35416544632868,15.7500000000205,0.016036171787752));
#994=CARTESIAN_POINT('Ctrl Pts',(-2.37531638379344,15.75,0.00636392027091305));
#995=CARTESIAN_POINT('Ctrl Pts',(-2.39553259586785,15.75,0.000950571476646723));
#996=CARTESIAN_POINT('Ctrl Pts',(-2.40036349115464,15.75,-5.36588957026476E-19));
#997=CARTESIAN_POINT('Ctrl Pts',(-2.40450200323523,15.75,0.));
#998=CARTESIAN_POINT('',(0.5,15.75,16.8));
#999=CARTESIAN_POINT('Ctrl Pts',(0.5,15.75,16.8));
#1000=CARTESIAN_POINT('Ctrl Pts',(0.5,15.75,11.7666666666667));
#1001=CARTESIAN_POINT('Ctrl Pts',(0.5,15.75,6.73333333333334));
#1002=CARTESIAN_POINT('Ctrl Pts',(0.5,15.75,1.7));
#1003=CARTESIAN_POINT('Ctrl Pts',(-2.40450200323524,15.75,18.5));
#1004=CARTESIAN_POINT('Ctrl Pts',(-2.40036349286467,15.75,18.5));
#1005=CARTESIAN_POINT('Ctrl Pts',(-2.39553259993956,15.75,18.4990494293079));
#1006=CARTESIAN_POINT('Ctrl Pts',(-2.37531644896302,15.75,18.4936360982225));
#1007=CARTESIAN_POINT('Ctrl Pts',(-2.3541656141523,15.7500000000195,18.4839639043551));
#1008=CARTESIAN_POINT('Ctrl Pts',(-2.21463890229214,15.7500000000195,18.4125622972454));
#1009=CARTESIAN_POINT('Ctrl Pts',(-1.98453865650095,15.75,18.2570474424515));
#1010=CARTESIAN_POINT('Ctrl Pts',(-1.37376236094561,15.75,17.8383937949847));
#1011=CARTESIAN_POINT('Ctrl Pts',(-0.94526407618377,15.75,17.5406616541353));
#1012=CARTESIAN_POINT('Ctrl Pts',(-0.012920039303044,15.75,16.965551506992));
#1013=CARTESIAN_POINT('Ctrl Pts',(0.294234278530146,15.75,16.8338956981672));
#1014=CARTESIAN_POINT('Ctrl Pts',(0.497746258844561,15.75,16.8003637691838));
#1015=CARTESIAN_POINT('Ctrl Pts',(0.498872935254657,15.75,16.8001806431615));
#1016=CARTESIAN_POINT('Ctrl Pts',(0.5,15.75,16.8));
#1017=CARTESIAN_POINT('Ctrl Pts',(-2.5,18.75,16.8));
#1018=CARTESIAN_POINT('Ctrl Pts',(-2.5,18.668688769815,16.8));
#1019=CARTESIAN_POINT('Ctrl Pts',(-2.48255017728544,18.5594859198883,16.8));
#1020=CARTESIAN_POINT('Ctrl Pts',(-2.45009054516324,18.4391216211717,16.8));
#1021=CARTESIAN_POINT('Ctrl Pts',(-2.43009184611176,18.3758603428466,16.8));
#1022=CARTESIAN_POINT('Ctrl Pts',(-2.40101326359167,18.293677382319,16.8));
#1023=CARTESIAN_POINT('Ctrl Pts',(-2.33915280120524,18.1424126094315,16.8));
#1024=CARTESIAN_POINT('Ctrl Pts',(-2.224411277369,17.9168849680251,16.8));
#1025=CARTESIAN_POINT('Ctrl Pts',(-1.98419373178316,17.5347349398204,16.8));
#1026=CARTESIAN_POINT('Ctrl Pts',(-1.59642947310867,17.0492065896908,16.8));
#1027=CARTESIAN_POINT('Ctrl Pts',(-1.14367621536624,16.6115908412833,16.8));
#1028=CARTESIAN_POINT('Ctrl Pts',(-0.76304438189492,16.3079798270008,16.8));
#1029=CARTESIAN_POINT('Ctrl Pts',(-0.376585623513843,16.0432711145899,16.8));
#1030=CARTESIAN_POINT('Ctrl Pts',(-0.0148561110010131,15.8597041539274,
16.8));
#1031=CARTESIAN_POINT('Ctrl Pts',(0.299876290442738,15.7657662193373,16.8));
#1032=CARTESIAN_POINT('Ctrl Pts',(0.437015715806074,15.75,16.8));
#1033=CARTESIAN_POINT('Ctrl Pts',(0.5,15.75,16.8));
#1034=CARTESIAN_POINT('Ctrl Pts',(-2.5,18.75,16.8171725932574));
#1035=CARTESIAN_POINT('Ctrl Pts',(-2.5,18.6688113545602,16.8171725932574));
#1036=CARTESIAN_POINT('Ctrl Pts',(-2.48254759027646,18.5596587435136,16.8171725932574));
#1037=CARTESIAN_POINT('Ctrl Pts',(-2.45010843994238,18.4393781004552,16.8171725932574));
#1038=CARTESIAN_POINT('Ctrl Pts',(-2.43011450700344,18.3761391433507,16.8171725932574));
#1039=CARTESIAN_POINT('Ctrl Pts',(-2.40105125767253,18.2940010097558,16.8171725932574));
#1040=CARTESIAN_POINT('Ctrl Pts',(-2.33919521775475,18.142759418491,16.8171725932574));
#1041=CARTESIAN_POINT('Ctrl Pts',(-2.22443611467669,17.9172117612888,16.8171725932574));
#1042=CARTESIAN_POINT('Ctrl Pts',(-1.98424832677202,17.5351002129176,16.8171725932574));
#1043=CARTESIAN_POINT('Ctrl Pts',(-1.59641654038982,17.0494855895008,16.8171725932574));
#1044=CARTESIAN_POINT('Ctrl Pts',(-1.1434885642891,16.6116579961327,16.8171725932574));
#1045=CARTESIAN_POINT('Ctrl Pts',(-0.762932259920453,16.3081193780974,16.8171725932574));
#1046=CARTESIAN_POINT('Ctrl Pts',(-0.376447286059563,16.0433784935263,16.8171725932574));
#1047=CARTESIAN_POINT('Ctrl Pts',(-0.0145336268775187,15.8596878781252,
16.8171725932574));
#1048=CARTESIAN_POINT('Ctrl Pts',(0.300041925355399,15.7657875213432,16.8171725932574));
#1049=CARTESIAN_POINT('Ctrl Pts',(0.437110670862205,15.75,16.8171725932574));
#1050=CARTESIAN_POINT('Ctrl Pts',(0.5,15.75,16.8171725932574));
#1051=CARTESIAN_POINT('Ctrl Pts',(-2.53028351811013,18.75,16.8797116193746));
#1052=CARTESIAN_POINT('Ctrl Pts',(-2.53028351811013,18.665368688146,16.8797116193746));
#1053=CARTESIAN_POINT('Ctrl Pts',(-2.51226069686846,18.553282820342,16.8797116193746));
#1054=CARTESIAN_POINT('Ctrl Pts',(-2.4791687579271,18.4304982879015,16.8797116193746));
#1055=CARTESIAN_POINT('Ctrl Pts',(-2.45881520612593,18.3661395862365,16.8797116193746));
#1056=CARTESIAN_POINT('Ctrl Pts',(-2.42928315599247,18.2826692974259,16.8797116193746));
#1057=CARTESIAN_POINT('Ctrl Pts',(-2.36659878885359,18.1294165196557,16.8797116193746));
#1058=CARTESIAN_POINT('Ctrl Pts',(-2.25071670416769,17.90168935471,16.8797116193746));
#1059=CARTESIAN_POINT('Ctrl Pts',(-2.00870725958331,17.5167320389495,16.8797116193746));
#1060=CARTESIAN_POINT('Ctrl Pts',(-1.6188433849297,17.0286377472407,16.8797116193746));
#1061=CARTESIAN_POINT('Ctrl Pts',(-1.16392622099183,16.5889409911093,16.8797116193746));
#1062=CARTESIAN_POINT('Ctrl Pts',(-0.781161178133069,16.2836103610308,16.8797116193746));
#1063=CARTESIAN_POINT('Ctrl Pts',(-0.392157549886621,16.0171680533025,16.8797116193746));
#1064=CARTESIAN_POINT('Ctrl Pts',(-0.0271657749535545,15.8317881668178,
16.8797116193746));
#1065=CARTESIAN_POINT('Ctrl Pts',(0.293190089021281,15.7360578569825,16.8797116193746));
#1066=CARTESIAN_POINT('Ctrl Pts',(0.434443955830106,15.7197164818899,16.8797116193746));
#1067=CARTESIAN_POINT('Ctrl Pts',(0.5,15.7197164818899,16.8797116193746));
#1068=CARTESIAN_POINT('Ctrl Pts',(-2.72198806897874,18.75,17.1380749863448));
#1069=CARTESIAN_POINT('Ctrl Pts',(-2.72198806897874,18.6446402720802,17.1380749863448));
#1070=CARTESIAN_POINT('Ctrl Pts',(-2.70033188564019,18.5144223127829,17.1380749863448));
#1071=CARTESIAN_POINT('Ctrl Pts',(-2.66328548905848,18.3765139865332,17.1380749863448));
#1072=CARTESIAN_POINT('Ctrl Pts',(-2.64069683153829,18.3052608212096,17.1380749863448));
#1073=CARTESIAN_POINT('Ctrl Pts',(-2.60833030526042,18.2137469272717,17.1380749863448));
#1074=CARTESIAN_POINT('Ctrl Pts',(-2.540440770624,18.0479640410168,17.1380749863448));
#1075=CARTESIAN_POINT('Ctrl Pts',(-2.41729715056116,17.8062660213232,17.1380749863448));
#1076=CARTESIAN_POINT('Ctrl Pts',(-2.16401450355501,17.4036283098421,17.1380749863448));
#1077=CARTESIAN_POINT('Ctrl Pts',(-1.76070029340785,16.89908752874,17.1380749863448));
#1078=CARTESIAN_POINT('Ctrl Pts',(-1.2916732970103,16.4457182519552,17.1380749863448));
#1079=CARTESIAN_POINT('Ctrl Pts',(-0.895582273568389,16.1296724433226,17.1380749863448));
#1080=CARTESIAN_POINT('Ctrl Pts',(-0.490407030478646,15.8521801206479,17.1380749863448));
#1081=CARTESIAN_POINT('Ctrl Pts',(-0.104330258656214,15.6550325172749,17.1380749863448));
#1082=CARTESIAN_POINT('Ctrl Pts',(0.25125445384578,15.5480444128167,17.1380749863448));
#1083=CARTESIAN_POINT('Ctrl Pts',(0.418387570440046,15.5280119310213,17.1380749863448));
#1084=CARTESIAN_POINT('Ctrl Pts',(0.5,15.5280119310213,17.1380749863448));
#1085=CARTESIAN_POINT('Ctrl Pts',(-2.9886457464202,18.75,17.4673890417345));
#1086=CARTESIAN_POINT('Ctrl Pts',(-2.9886457464202,18.6157765994932,17.4673890417345));
#1087=CARTESIAN_POINT('Ctrl Pts',(-2.9619362701255,18.4603245918628,17.4673890417345));
#1088=CARTESIAN_POINT('Ctrl Pts',(-2.91938414458261,18.301358308339,17.4673890417345));
#1089=CARTESIAN_POINT('Ctrl Pts',(-2.89368529626432,18.2205094548103,17.4673890417345));
#1090=CARTESIAN_POINT('Ctrl Pts',(-2.85737220965967,18.1177957807786,17.4673890417345));
#1091=CARTESIAN_POINT('Ctrl Pts',(-2.78224126660175,17.9345779066914,17.4673890417345));
#1092=CARTESIAN_POINT('Ctrl Pts',(-2.64900139589843,17.6734517028171,17.4673890417345));
#1093=CARTESIAN_POINT('Ctrl Pts',(-2.38003044269585,17.2462111992418,17.4673890417345));
#1094=CARTESIAN_POINT('Ctrl Pts',(-1.95802402238457,16.7188153214981,17.4673890417345));
#1095=CARTESIAN_POINT('Ctrl Pts',(-1.46941440655579,16.246481049126,17.4673890417345));
#1096=CARTESIAN_POINT('Ctrl Pts',(-1.05476819498491,15.915512419684,17.4673890417345));
#1097=CARTESIAN_POINT('Ctrl Pts',(-0.627105107035287,15.6226578050828,17.4673890417345));
#1098=CARTESIAN_POINT('Ctrl Pts',(-0.211745753603707,15.4091725906126,17.4673890417345));
#1099=CARTESIAN_POINT('Ctrl Pts',(0.192881090882706,15.2865156465586,17.4673890417345));
#1100=CARTESIAN_POINT('Ctrl Pts',(0.396029554788707,15.2613542535798,17.4673890417345));
#1101=CARTESIAN_POINT('Ctrl Pts',(0.5,15.2613542535798,17.4673890417345));
#1102=CARTESIAN_POINT('Ctrl Pts',(-3.41190211986322,18.75,17.9471689277159));
#1103=CARTESIAN_POINT('Ctrl Pts',(-3.41190211986322,18.5698338923582,17.9471689277159));
#1104=CARTESIAN_POINT('Ctrl Pts',(-3.37717443899552,18.3742761380657,17.9471689277159));
#1105=CARTESIAN_POINT('Ctrl Pts',(-3.32586180757196,18.181797665214,17.9471689277159));
#1106=CARTESIAN_POINT('Ctrl Pts',(-3.29522126984839,18.0856945301466,17.9471689277159));
#1107=CARTESIAN_POINT('Ctrl Pts',(-3.25262788438901,17.9651568801549,17.9471689277159));
#1108=CARTESIAN_POINT('Ctrl Pts',(-3.16599827515232,17.7542407780328,17.9471689277159));
#1109=CARTESIAN_POINT('Ctrl Pts',(-3.01675139509979,17.462297866582,17.9471689277159));
#1110=CARTESIAN_POINT('Ctrl Pts',(-2.72284777163389,16.9959659053051,17.9471689277159));
#1111=CARTESIAN_POINT('Ctrl Pts',(-2.27124260015793,16.4323833095473,17.9471689277159));
#1112=CARTESIAN_POINT('Ctrl Pts',(-1.75173320440064,15.9301684815438,17.9471689277159));
#1113=CARTESIAN_POINT('Ctrl Pts',(-1.30755587403607,15.5754375442767,17.9471689277159));
#1114=CARTESIAN_POINT('Ctrl Pts',(-0.844226080912351,15.2582326044796,17.9471689277159));
#1115=CARTESIAN_POINT('Ctrl Pts',(-0.382580414536926,15.0189448066874,17.9471689277159));
#1116=CARTESIAN_POINT('Ctrl Pts',(0.10005359099068,14.8713778991176,17.9471689277159));
#1117=CARTESIAN_POINT('Ctrl Pts',(0.360441991837612,14.8380978801368,17.9471689277159));
#1118=CARTESIAN_POINT('Ctrl Pts',(0.5,14.8380978801368,17.9471689277159));
#1119=CARTESIAN_POINT('Ctrl Pts',(-3.76002854054165,18.75,18.308905024606));
#1120=CARTESIAN_POINT('Ctrl Pts',(-3.76002854054165,18.532092427474,18.308905024606));
#1121=CARTESIAN_POINT('Ctrl Pts',(-3.71870494827991,18.3035668153124,18.308905024606));
#1122=CARTESIAN_POINT('Ctrl Pts',(-3.66019456035297,18.0835562494861,18.308905024606));
#1123=CARTESIAN_POINT('Ctrl Pts',(-3.62549130209971,17.9749149505563,18.308905024606));
#1124=CARTESIAN_POINT('Ctrl Pts',(-3.57773817857584,17.8397340569421,18.308905024606));
#1125=CARTESIAN_POINT('Ctrl Pts',(-3.48165263605309,17.6060450264653,18.308905024606));
#1126=CARTESIAN_POINT('Ctrl Pts',(-3.31923343905718,17.2887479710836,18.308905024606));
#1127=CARTESIAN_POINT('Ctrl Pts',(-3.00483402420854,16.790277968125,18.308905024606));
#1128=CARTESIAN_POINT('Ctrl Pts',(-2.52885856578337,16.1968994480382,18.308905024606));
#1129=CARTESIAN_POINT('Ctrl Pts',(-1.9838683942656,15.6700281590815,18.308905024606));
#1130=CARTESIAN_POINT('Ctrl Pts',(-1.51543032034919,15.2957801180257,18.308905024606));
#1131=CARTESIAN_POINT('Ctrl Pts',(-1.02275494600182,14.9585350225067,18.308905024606));
#1132=CARTESIAN_POINT('Ctrl Pts',(-0.522969597823953,14.697978114876,18.308905024606));
#1133=CARTESIAN_POINT('Ctrl Pts',(0.0237658246759897,14.5299370394136,18.308905024606));
#1134=CARTESIAN_POINT('Ctrl Pts',(0.331207172185191,14.4899714594583,18.308905024606));
#1135=CARTESIAN_POINT('Ctrl Pts',(0.5,14.4899714594583,18.308905024606));
#1136=CARTESIAN_POINT('Ctrl Pts',(-3.90052081924898,18.75,18.4354751221975));
#1137=CARTESIAN_POINT('Ctrl Pts',(-3.90052081924898,18.5168574033151,18.4354751221975));
#1138=CARTESIAN_POINT('Ctrl Pts',(-3.85653541651207,18.2750254912427,18.4354751221975));
#1139=CARTESIAN_POINT('Ctrl Pts',(-3.79511961441092,18.0439012784737,18.4354751221975));
#1140=CARTESIAN_POINT('Ctrl Pts',(-3.75877662833849,17.9301992967314,18.4354751221975));
#1141=CARTESIAN_POINT('Ctrl Pts',(-3.70894072776026,17.7891074785005,18.4354751221975));
#1142=CARTESIAN_POINT('Ctrl Pts',(-3.60903894631145,17.5462273268549,18.4354751221975));
#1143=CARTESIAN_POINT('Ctrl Pts',(-3.44130438690352,17.2186988036053,18.4354751221975));
#1144=CARTESIAN_POINT('Ctrl Pts',(-3.11863262290075,16.7072577535179,18.4354751221975));
#1145=CARTESIAN_POINT('Ctrl Pts',(-2.63282422943402,16.1018572753021,18.4354751221975));
#1146=CARTESIAN_POINT('Ctrl Pts',(-2.07755630716421,15.565042058816,18.4354751221975));
#1147=CARTESIAN_POINT('Ctrl Pts',(-1.59932504772203,15.1829153055726,18.4354751221975));
#1148=CARTESIAN_POINT('Ctrl Pts',(-1.09480758700253,14.8375836704729,18.4354751221975));
#1149=CARTESIAN_POINT('Ctrl Pts',(-0.579636067239304,14.5684471093181,18.4354751221975));
#1150=CARTESIAN_POINT('Ctrl Pts',(-0.00702655017456281,14.3921421674999,
18.4354751221975));
#1151=CARTESIAN_POINT('Ctrl Pts',(0.319406009059952,14.349479180751,18.4354751221975));
#1152=CARTESIAN_POINT('Ctrl Pts',(0.5,14.349479180751,18.4354751221975));
#1153=CARTESIAN_POINT('Ctrl Pts',(-3.97382203989654,18.75,18.4915002186134));
#1154=CARTESIAN_POINT('Ctrl Pts',(-3.97382203989654,18.5088966624444,18.4915002186134));
#1155=CARTESIAN_POINT('Ctrl Pts',(-3.9284481012719,18.2601173563942,18.4915002186134));
#1156=CARTESIAN_POINT('Ctrl Pts',(-3.86551441815556,18.0231865031032,18.4915002186134));
#1157=CARTESIAN_POINT('Ctrl Pts',(-3.82831544736738,17.906841959446,18.4915002186134));
#1158=CARTESIAN_POINT('Ctrl Pts',(-3.77739137429571,17.7626617782655,18.4915002186134));
#1159=CARTESIAN_POINT('Ctrl Pts',(-3.67549805661278,17.5149839431211,18.4915002186134));
#1160=CARTESIAN_POINT('Ctrl Pts',(-3.50499194205995,17.1821191458252,18.4915002186134));
#1161=CARTESIAN_POINT('Ctrl Pts',(-3.17800121951839,16.6639067632688,18.4915002186134));
#1162=CARTESIAN_POINT('Ctrl Pts',(-2.68706911050129,16.0522422815301,18.4915002186134));
#1163=CARTESIAN_POINT('Ctrl Pts',(-2.12645582816776,15.510259490413,18.4915002186134));
#1164=CARTESIAN_POINT('Ctrl Pts',(-1.64310766426949,15.1240150056659,18.4915002186134));
#1165=CARTESIAN_POINT('Ctrl Pts',(-1.13241420007543,14.7744673868459,18.4915002186134));
#1166=CARTESIAN_POINT('Ctrl Pts',(-0.609232942374326,14.5008664687288,18.4915002186134));
#1167=CARTESIAN_POINT('Ctrl Pts',(-0.0231084608471501,14.320246232865,18.4915002186134));
#1168=CARTESIAN_POINT('Ctrl Pts',(0.313239559920523,14.2761779601035,18.4915002186134));
#1169=CARTESIAN_POINT('Ctrl Pts',(0.5,14.2761779601035,18.4915002186134));
#1170=CARTESIAN_POINT('Ctrl Pts',(-3.99242385591586,18.75,18.5));
#1171=CARTESIAN_POINT('Ctrl Pts',(-3.99242385591586,18.506896162449,18.5));
#1172=CARTESIAN_POINT('Ctrl Pts',(-3.94669712934291,18.2563618804274,18.5));
#1173=CARTESIAN_POINT('Ctrl Pts',(-3.8833815442016,18.0179709171229,18.5));
#1174=CARTESIAN_POINT('Ctrl Pts',(-3.84596611477068,17.900959354467,18.5));
#1175=CARTESIAN_POINT('Ctrl Pts',(-3.79476835973116,17.7560026419219,18.5));
#1176=CARTESIAN_POINT('Ctrl Pts',(-3.69237035666874,17.5071110160933,18.5));
#1177=CARTESIAN_POINT('Ctrl Pts',(-3.52115807106928,17.1728888013849,18.5));
#1178=CARTESIAN_POINT('Ctrl Pts',(-3.19307610257579,16.6529642311891,18.5));
#1179=CARTESIAN_POINT('Ctrl Pts',(-2.70083287630913,16.0396962439214,18.5));
#1180=CARTESIAN_POINT('Ctrl Pts',(-2.13883499014992,15.4963679949603,18.5));
#1181=CARTESIAN_POINT('Ctrl Pts',(-1.65420044513006,15.1090901876108,18.5));
#1182=CARTESIAN_POINT('Ctrl Pts',(-1.14193546640537,14.758467494886,18.5));
#1183=CARTESIAN_POINT('Ctrl Pts',(-0.616691943354363,14.4837137595893,18.5));
#1184=CARTESIAN_POINT('Ctrl Pts',(-0.0271629647034702,14.3020044654223,
18.5));
#1185=CARTESIAN_POINT('Ctrl Pts',(0.311689957732091,14.2575761440841,18.5));
#1186=CARTESIAN_POINT('Ctrl Pts',(0.5,14.2575761440841,18.5));
#1187=CARTESIAN_POINT('Ctrl Pts',(-4.,18.75,18.5));
#1188=CARTESIAN_POINT('Ctrl Pts',(-4.,18.5060663094453,18.5));
#1189=CARTESIAN_POINT('Ctrl Pts',(-3.95412990847031,18.2548110769166,18.5));
#1190=CARTESIAN_POINT('Ctrl Pts',(-3.89065626110965,18.0158151425696,18.5));
#1191=CARTESIAN_POINT('Ctrl Pts',(-3.85315208575242,17.89852916888,18.5));
#1192=CARTESIAN_POINT('Ctrl Pts',(-3.80184097811205,17.7532506727525,18.5));
#1193=CARTESIAN_POINT('Ctrl Pts',(-3.69923688249425,17.5038618409099,18.5));
#1194=CARTESIAN_POINT('Ctrl Pts',(-3.5277391516277,17.1690892413697,18.5));
#1195=CARTESIAN_POINT('Ctrl Pts',(-3.19920907762595,16.6484625949875,18.5));
#1196=CARTESIAN_POINT('Ctrl Pts',(-2.70644017219669,16.0345521522288,18.5));
#1197=CARTESIAN_POINT('Ctrl Pts',(-2.14389987206459,15.4907020028156,18.5));
#1198=CARTESIAN_POINT('Ctrl Pts',(-1.65873211262232,15.1029944323126,18.5));
#1199=CARTESIAN_POINT('Ctrl Pts',(-1.14583031479147,14.7519378439714,18.5));
#1200=CARTESIAN_POINT('Ctrl Pts',(-0.619769540502682,14.4767298109726,18.5));
#1201=CARTESIAN_POINT('Ctrl Pts',(-0.0288346713310812,14.2945723396525,
18.5));
#1202=CARTESIAN_POINT('Ctrl Pts',(0.311047147417846,14.25,18.5));
#1203=CARTESIAN_POINT('Ctrl Pts',(0.5,14.25,18.5));
#1204=CARTESIAN_POINT('',(-2.5,18.75,16.8));
#1205=CARTESIAN_POINT('Ctrl Pts',(0.5,15.75,16.8));
#1206=CARTESIAN_POINT('Ctrl Pts',(0.437015715806074,15.75,16.8));
#1207=CARTESIAN_POINT('Ctrl Pts',(0.299876290442738,15.7657662193373,16.8));
#1208=CARTESIAN_POINT('Ctrl Pts',(-0.0148561110010131,15.8597041539274,
16.8));
#1209=CARTESIAN_POINT('Ctrl Pts',(-0.376585623513843,16.0432711145899,16.8));
#1210=CARTESIAN_POINT('Ctrl Pts',(-0.76304438189492,16.3079798270008,16.8));
#1211=CARTESIAN_POINT('Ctrl Pts',(-1.14367621536624,16.6115908412833,16.8));
#1212=CARTESIAN_POINT('Ctrl Pts',(-1.59642947310867,17.0492065896908,16.8));
#1213=CARTESIAN_POINT('Ctrl Pts',(-1.98419373178316,17.5347349398204,16.8));
#1214=CARTESIAN_POINT('Ctrl Pts',(-2.224411277369,17.9168849680251,16.8));
#1215=CARTESIAN_POINT('Ctrl Pts',(-2.33915280120524,18.1424126094315,16.8));
#1216=CARTESIAN_POINT('Ctrl Pts',(-2.40101326359167,18.293677382319,16.8));
#1217=CARTESIAN_POINT('Ctrl Pts',(-2.43009184611176,18.3758603428466,16.8));
#1218=CARTESIAN_POINT('Ctrl Pts',(-2.45009054516324,18.4391216211717,16.8));
#1219=CARTESIAN_POINT('Ctrl Pts',(-2.48255017728544,18.5594859198883,16.8));
#1220=CARTESIAN_POINT('Ctrl Pts',(-2.5,18.668688769815,16.8));
#1221=CARTESIAN_POINT('Ctrl Pts',(-2.5,18.75,16.8));
#1222=CARTESIAN_POINT('Ctrl Pts',(-2.5,18.75,16.8));
#1223=CARTESIAN_POINT('Ctrl Pts',(-2.5,18.75,16.8171725932574));
#1224=CARTESIAN_POINT('Ctrl Pts',(-2.53028351811013,18.75,16.8797116193746));
#1225=CARTESIAN_POINT('Ctrl Pts',(-2.72198806897874,18.75,17.1380749863448));
#1226=CARTESIAN_POINT('Ctrl Pts',(-2.9886457464202,18.75,17.4673890417345));
#1227=CARTESIAN_POINT('Ctrl Pts',(-3.41190211986322,18.75,17.9471689277159));
#1228=CARTESIAN_POINT('Ctrl Pts',(-3.76002854054165,18.75,18.308905024606));
#1229=CARTESIAN_POINT('Ctrl Pts',(-3.90052081924898,18.75,18.4354751221975));
#1230=CARTESIAN_POINT('Ctrl Pts',(-3.97382203989654,18.75,18.4915002186134));
#1231=CARTESIAN_POINT('Ctrl Pts',(-3.99242385591586,18.75,18.5));
#1232=CARTESIAN_POINT('Ctrl Pts',(-4.,18.75,18.5));
#1233=CARTESIAN_POINT('Ctrl Pts',(0.500000000000001,15.75,1.7));
#1234=CARTESIAN_POINT('Ctrl Pts',(0.418688769814889,15.75,1.7));
#1235=CARTESIAN_POINT('Ctrl Pts',(0.309153959029853,15.7674873237768,1.7));
#1236=CARTESIAN_POINT('Ctrl Pts',(0.165285328815757,15.80643611904,1.7));
#1237=CARTESIAN_POINT('Ctrl Pts',(0.0653335139277051,15.8401478566633,1.7));
#1238=CARTESIAN_POINT('Ctrl Pts',(-0.108254842120509,15.9109729824851,1.7));
#1239=CARTESIAN_POINT('Ctrl Pts',(-0.333085256148046,16.0254467433413,1.7));
#1240=CARTESIAN_POINT('Ctrl Pts',(-0.715857585519179,16.2663686377343,1.7));
#1241=CARTESIAN_POINT('Ctrl Pts',(-1.39191764458522,16.8052224819532,1.7));
#1242=CARTESIAN_POINT('Ctrl Pts',(-1.97882013444527,17.4933051577407,1.7));
#1243=CARTESIAN_POINT('Ctrl Pts',(-2.29918344245931,18.0555163346176,1.7));
#1244=CARTESIAN_POINT('Ctrl Pts',(-2.41346561210144,18.3133135326237,1.7));
#1245=CARTESIAN_POINT('Ctrl Pts',(-2.48436766566331,18.5501312698066,1.7));
#1246=CARTESIAN_POINT('Ctrl Pts',(-2.5,18.687015715806,1.7));
#1247=CARTESIAN_POINT('Ctrl Pts',(-2.5,18.75,1.7));
#1248=CARTESIAN_POINT('Ctrl Pts',(0.500000000000001,15.75,1.68282740674261));
#1249=CARTESIAN_POINT('Ctrl Pts',(0.418811354560036,15.75,1.68282740674261));
#1250=CARTESIAN_POINT('Ctrl Pts',(0.309330313272178,15.7674857561088,1.68282740674261));
#1251=CARTESIAN_POINT('Ctrl Pts',(0.165553800241201,15.8064128214403,1.68282740674261));
#1252=CARTESIAN_POINT('Ctrl Pts',(0.0656284793540046,15.8401175484587,1.68282740674261));
#1253=CARTESIAN_POINT('Ctrl Pts',(-0.107895401290504,15.9109188718959,1.68282740674261));
#1254=CARTESIAN_POINT('Ctrl Pts',(-0.33281443317647,16.0254399990449,1.68282740674261));
#1255=CARTESIAN_POINT('Ctrl Pts',(-0.715526609388548,16.2663266418937,1.68282740674261));
#1256=CARTESIAN_POINT('Ctrl Pts',(-1.39186278656022,16.8053717675884,1.68282740674261));
#1257=CARTESIAN_POINT('Ctrl Pts',(-1.97875539570754,17.4934865870379,1.68282740674261));
#1258=CARTESIAN_POINT('Ctrl Pts',(-2.29918404971338,18.0557672072823,1.68282740674261));
#1259=CARTESIAN_POINT('Ctrl Pts',(-2.41345569680859,18.3135416190859,1.68282740674261));
#1260=CARTESIAN_POINT('Ctrl Pts',(-2.48435966620966,18.5503012782619,1.68282740674261));
#1261=CARTESIAN_POINT('Ctrl Pts',(-2.5,18.6871106708621,1.68282740674261));
#1262=CARTESIAN_POINT('Ctrl Pts',(-2.5,18.75,1.68282740674261));
#1263=CARTESIAN_POINT('Ctrl Pts',(0.500000000000001,15.7197584241945,1.62037512668013));
#1264=CARTESIAN_POINT('Ctrl Pts',(0.415368688145899,15.7197584241945,1.62037512668013));
#1265=CARTESIAN_POINT('Ctrl Pts',(0.302940300982699,15.7378177490057,1.62037512668013));
#1266=CARTESIAN_POINT('Ctrl Pts',(0.156192516829621,15.7775271162045,1.62037512668013));
#1267=CARTESIAN_POINT('Ctrl Pts',(0.0546235705084254,15.8118013375778,1.62037512668013));
#1268=CARTESIAN_POINT('Ctrl Pts',(-0.121272809295684,15.8835671985763,1.62037512668012));
#1269=CARTESIAN_POINT('Ctrl Pts',(-0.34825277268496,15.9991771094938,1.62037512668012));
#1270=CARTESIAN_POINT('Ctrl Pts',(-0.733851893997369,16.2418768852392,1.62037512668012));
#1271=CARTESIAN_POINT('Ctrl Pts',(-1.41340229532026,16.7836767727448,1.62037512668012));
#1272=CARTESIAN_POINT('Ctrl Pts',(-2.00306908643229,17.4747851540531,1.62037512668012));
#1273=CARTESIAN_POINT('Ctrl Pts',(-2.32614040303511,18.0415950041621,1.62037512668012));
#1274=CARTESIAN_POINT('Ctrl Pts',(-2.44179496196988,18.3024285807761,1.62037512668012));
#1275=CARTESIAN_POINT('Ctrl Pts',(-2.51403017033091,18.543451345813,1.62037512668012));
#1276=CARTESIAN_POINT('Ctrl Pts',(-2.53024157580551,18.6844439558301,1.62037512668012));
#1277=CARTESIAN_POINT('Ctrl Pts',(-2.53024157580552,18.75,1.62037512668012));
#1278=CARTESIAN_POINT('Ctrl Pts',(0.500000000000001,15.528055262275,1.36200083540666));
#1279=CARTESIAN_POINT('Ctrl Pts',(0.394640272079892,15.528055262275,1.36200083540666));
#1280=CARTESIAN_POINT('Ctrl Pts',(0.264008719316435,15.5497364720133,1.36200083540666));
#1281=CARTESIAN_POINT('Ctrl Pts',(0.0992486042983659,15.5942108190543,1.36200083540666));
#1282=CARTESIAN_POINT('Ctrl Pts',(-0.0125027538074313,15.6320324848058,
1.36200083540666));
#1283=CARTESIAN_POINT('Ctrl Pts',(-0.202862692746494,15.7097000187412,1.36200083540666));
#1284=CARTESIAN_POINT('Ctrl Pts',(-0.44369850552909,15.8326348422791,1.36200083540666));
#1285=CARTESIAN_POINT('Ctrl Pts',(-0.84706089330596,16.0865133307022,1.36200083540665));
#1286=CARTESIAN_POINT('Ctrl Pts',(-1.5494525739176,16.6474842287756,1.36200083540665));
#1287=CARTESIAN_POINT('Ctrl Pts',(-2.15661682226477,17.3578560658847,1.36200083540665));
#1288=CARTESIAN_POINT('Ctrl Pts',(-2.49702376631662,17.9539972017242,1.36200083540665));
#1289=CARTESIAN_POINT('Ctrl Pts',(-2.62135070528659,18.2340194948968,1.36200083540665));
#1290=CARTESIAN_POINT('Ctrl Pts',(-2.70204182833407,18.5015476259584,1.36200083540665));
#1291=CARTESIAN_POINT('Ctrl Pts',(-2.72194473772498,18.66838757044,1.36200083540665));
#1292=CARTESIAN_POINT('Ctrl Pts',(-2.72194473772498,18.75,1.36200083540665));
#1293=CARTESIAN_POINT('Ctrl Pts',(0.500000000000001,15.2614329063134,1.03272805708185));
#1294=CARTESIAN_POINT('Ctrl Pts',(0.365776599492778,15.2614329063134,1.03272805708185));
#1295=CARTESIAN_POINT('Ctrl Pts',(0.209812835125418,15.288151903968,1.03272805708185));
#1296=CARTESIAN_POINT('Ctrl Pts',(0.0199751559843307,15.3392595259176,1.03272805708185));
#1297=CARTESIAN_POINT('Ctrl Pts',(-0.105945424174577,15.3820169752883,1.03272805708185));
#1298=CARTESIAN_POINT('Ctrl Pts',(-0.316439504813572,15.4678992882581,1.03272805708185));
#1299=CARTESIAN_POINT('Ctrl Pts',(-0.576521266805663,15.6010083620848,1.03272805708185));
#1300=CARTESIAN_POINT('Ctrl Pts',(-1.00460584317139,15.8704441950467,1.03272805708185));
#1301=CARTESIAN_POINT('Ctrl Pts',(-1.7386878384831,16.4580245874607,1.03272805708185));
#1302=CARTESIAN_POINT('Ctrl Pts',(-2.37019047049568,17.1951791743834,1.03272805708185));
#1303=CARTESIAN_POINT('Ctrl Pts',(-2.73468960224164,17.8320950090318,1.03272805708185));
#1304=CARTESIAN_POINT('Ctrl Pts',(-2.87108111413727,18.1388115269732,1.03272805708185));
#1305=CARTESIAN_POINT('Ctrl Pts',(-2.96353225591438,18.4432198489307,1.03272805708185));
#1306=CARTESIAN_POINT('Ctrl Pts',(-2.98856709368656,18.6460295547887,1.03272805708185));
#1307=CARTESIAN_POINT('Ctrl Pts',(-2.98856709368656,18.75,1.03272805708185));
#1308=CARTESIAN_POINT('Ctrl Pts',(0.500000000000001,14.8381492446416,0.552911046254233));
#1309=CARTESIAN_POINT('Ctrl Pts',(0.319833892357575,14.8381492446416,0.552911046254233));
#1310=CARTESIAN_POINT('Ctrl Pts',(0.123600910257367,14.8728676479999,0.552911046254233));
#1311=CARTESIAN_POINT('Ctrl Pts',(-0.106139061991722,14.9345272716042,0.552911046254233));
#1312=CARTESIAN_POINT('Ctrl Pts',(-0.254580184043084,14.9851274879924,0.552911046254233));
#1313=CARTESIAN_POINT('Ctrl Pts',(-0.497101570241762,15.0840745814586,0.552911046254233));
#1314=CARTESIAN_POINT('Ctrl Pts',(-0.78765146110191,15.2332899349482,0.552911046254233));
#1315=CARTESIAN_POINT('Ctrl Pts',(-1.2550430136134,15.5274585911131,0.552911046254233));
#1316=CARTESIAN_POINT('Ctrl Pts',(-2.03916692056313,16.1570973239324,0.552911046254232));
#1317=CARTESIAN_POINT('Ctrl Pts',(-2.70931824676245,16.9367402969823,0.552911046254232));
#1318=CARTESIAN_POINT('Ctrl Pts',(-3.1120019518948,17.6383214942683,0.552911046254232));
#1319=CARTESIAN_POINT('Ctrl Pts',(-3.26755715692518,17.987439355854,0.552911046254232));
#1320=CARTESIAN_POINT('Ctrl Pts',(-3.37867637431044,18.350454404191,0.552911046254232));
#1321=CARTESIAN_POINT('Ctrl Pts',(-3.4118507553584,18.6104419918377,0.552911046254232));
#1322=CARTESIAN_POINT('Ctrl Pts',(-3.4118507553584,18.75,0.552911046254232));
#1323=CARTESIAN_POINT('Ctrl Pts',(0.500000000000001,14.4900058217518,0.191151474230402));
#1324=CARTESIAN_POINT('Ctrl Pts',(0.28209242747313,14.4900058217518,0.191151474230402));
#1325=CARTESIAN_POINT('Ctrl Pts',(0.0527587225911912,14.5313030133861,0.191151474230402));
#1326=CARTESIAN_POINT('Ctrl Pts',(-0.209765915425863,14.6016333891615,0.191151474230402));
#1327=CARTESIAN_POINT('Ctrl Pts',(-0.376719932517579,14.6586815361026,0.191151474230402));
#1328=CARTESIAN_POINT('Ctrl Pts',(-0.645559229289985,14.7683653273826,0.191151474230402));
#1329=CARTESIAN_POINT('Ctrl Pts',(-0.961201596088281,14.9308454381862,0.191151474230402));
#1330=CARTESIAN_POINT('Ctrl Pts',(-1.46090006932203,15.2453432937575,0.191151474230402));
#1331=CARTESIAN_POINT('Ctrl Pts',(-2.28628530954422,15.909645446947,0.191151474230402));
#1332=CARTESIAN_POINT('Ctrl Pts',(-2.98822083577211,16.7242463355109,0.191151474230402));
#1333=CARTESIAN_POINT('Ctrl Pts',(-3.42233499906329,17.4790395023655,0.191151474230402));
#1334=CARTESIAN_POINT('Ctrl Pts',(-3.59364809208154,17.8630232509433,0.191151474230402));
#1335=CARTESIAN_POINT('Ctrl Pts',(-3.72012218860564,18.2742196997696,0.191151474230402));
#1336=CARTESIAN_POINT('Ctrl Pts',(-3.75999417824819,18.5812071721854,0.191151474230402));
#1337=CARTESIAN_POINT('Ctrl Pts',(-3.75999417824819,18.75,0.191151474230402));
#1338=CARTESIAN_POINT('Ctrl Pts',(0.500000000000001,14.3494962719305,0.0645533266595231));
#1339=CARTESIAN_POINT('Ctrl Pts',(0.266857403314193,14.3494962719305,0.0645533266595231));
#1340=CARTESIAN_POINT('Ctrl Pts',(0.0241631738780672,14.3934486754798,0.0645533266595231));
#1341=CARTESIAN_POINT('Ctrl Pts',(-0.251595271255073,14.4672790157516,0.0645533266595231));
#1342=CARTESIAN_POINT('Ctrl Pts',(-0.426021614221867,14.526929680388,0.0645533266595231));
#1343=CARTESIAN_POINT('Ctrl Pts',(-0.705484149776201,14.640947290599,0.0645533266595231));
#1344=CARTESIAN_POINT('Ctrl Pts',(-1.03125181190115,14.8087799739879,0.0645533266595231));
#1345=CARTESIAN_POINT('Ctrl Pts',(-1.54399057395692,15.1314834022732,0.0645533266595231));
#1346=CARTESIAN_POINT('Ctrl Pts',(-2.38602268994754,15.8097713981775,0.064553326659523));
#1347=CARTESIAN_POINT('Ctrl Pts',(-3.10078643261297,16.6384804815118,0.064553326659523));
#1348=CARTESIAN_POINT('Ctrl Pts',(-3.54758439124659,17.4147483006804,0.064553326659523));
#1349=CARTESIAN_POINT('Ctrl Pts',(-3.72525754753632,17.8128043079151,0.064553326659523));
#1350=CARTESIAN_POINT('Ctrl Pts',(-3.85792878111951,18.2434478882425,0.064553326659523));
#1351=CARTESIAN_POINT('Ctrl Pts',(-3.90050372806946,18.5694060090602,0.064553326659523));
#1352=CARTESIAN_POINT('Ctrl Pts',(-3.90050372806946,18.75,0.064553326659523));
#1353=CARTESIAN_POINT('Ctrl Pts',(0.500000000000001,14.2761864701105,0.008514999662954));
#1354=CARTESIAN_POINT('Ctrl Pts',(0.258896662443395,14.2761864701105,0.00851499966295399));
#1355=CARTESIAN_POINT('Ctrl Pts',(0.00922642425613095,14.3215243637496,
0.00851499966295399));
#1356=CARTESIAN_POINT('Ctrl Pts',(-0.273445663878575,14.3971829080924,0.00851499966295399));
#1357=CARTESIAN_POINT('Ctrl Pts',(-0.451773226259687,14.4581921020009,0.00851499966295399));
#1358=CARTESIAN_POINT('Ctrl Pts',(-0.736784658682196,14.5744731761312,0.00851499966295399));
#1359=CARTESIAN_POINT('Ctrl Pts',(-1.06782645600876,14.7450938944423,0.00851499966295398));
#1360=CARTESIAN_POINT('Ctrl Pts',(-1.58737477017092,15.072081964137,0.00851499966295399));
#1361=CARTESIAN_POINT('Ctrl Pts',(-2.4380652805891,15.757648272442,0.00851499966295397));
#1362=CARTESIAN_POINT('Ctrl Pts',(-3.15952301453435,16.5937150586504,0.00851499966295397));
#1363=CARTESIAN_POINT('Ctrl Pts',(-3.61293226113169,17.3811803288731,0.00851499966295396));
#1364=CARTESIAN_POINT('Ctrl Pts',(-3.79392476112222,17.7865806584567,0.00851499966295396));
#1365=CARTESIAN_POINT('Ctrl Pts',(-3.92982911714517,18.2273763100903,0.00851499966295397));
#1366=CARTESIAN_POINT('Ctrl Pts',(-3.97381352988952,18.5632395599207,0.00851499966295395));
#1367=CARTESIAN_POINT('Ctrl Pts',(-3.97381352988952,18.75,0.00851499966295396));
#1368=CARTESIAN_POINT('Ctrl Pts',(0.500000000000001,14.2575761440841,0.));
#1369=CARTESIAN_POINT('Ctrl Pts',(0.256896162448016,14.2575761440841,-1.18173715254749E-18));
#1370=CARTESIAN_POINT('Ctrl Pts',(0.00546395352281796,14.3032654954226,
-1.65798510243981E-18));
#1371=CARTESIAN_POINT('Ctrl Pts',(-0.278947890742954,14.379384528458,-2.57249861481774E-18));
#1372=CARTESIAN_POINT('Ctrl Pts',(-0.458261401733008,14.4407374299165,-2.2377399178761E-18));
#1373=CARTESIAN_POINT('Ctrl Pts',(-0.744670738349969,14.5575891422736,-9.09250423937651E-19));
#1374=CARTESIAN_POINT('Ctrl Pts',(-1.07706616982967,14.7289255108813,-1.97319826846157E-18));
#1375=CARTESIAN_POINT('Ctrl Pts',(-1.59833313578786,15.0569954065778,9.55611648120637E-19));
#1376=CARTESIAN_POINT('Ctrl Pts',(-2.45126761099677,15.7444412138747,-2.35910139359278E-18));
#1377=CARTESIAN_POINT('Ctrl Pts',(-3.17442302788428,16.5823811664078,-1.40339264354591E-18));
#1378=CARTESIAN_POINT('Ctrl Pts',(-3.62952148307666,17.3727005642754,-3.05821221250304E-18));
#1379=CARTESIAN_POINT('Ctrl Pts',(-3.81135487576466,17.7799615209894,-3.05695855369882E-18));
#1380=CARTESIAN_POINT('Ctrl Pts',(-3.94808030669731,18.2233246971565,1.76699447689624E-18));
#1381=CARTESIAN_POINT('Ctrl Pts',(-3.99242385591586,18.5616899577323,-4.66436889368575E-18));
#1382=CARTESIAN_POINT('Ctrl Pts',(-3.99242385591586,18.75,0.));
#1383=CARTESIAN_POINT('Ctrl Pts',(0.500000000000001,14.25,0.));
#1384=CARTESIAN_POINT('Ctrl Pts',(0.256066309444273,14.25,0.));
#1385=CARTESIAN_POINT('Ctrl Pts',(0.00391003130414542,14.2958326252473,
0.));
#1386=CARTESIAN_POINT('Ctrl Pts',(-0.281221675766282,14.37214186119,0.));
#1387=CARTESIAN_POINT('Ctrl Pts',(-0.460939901936763,14.4336355680702,0.));
#1388=CARTESIAN_POINT('Ctrl Pts',(-0.747926449016633,14.5507225859122,0.));
#1389=CARTESIAN_POINT('Ctrl Pts',(-1.0808617583796,14.7223443165729,0.));
#1390=CARTESIAN_POINT('Ctrl Pts',(-1.60283596389782,15.0508590631592,0.));
#1391=CARTESIAN_POINT('Ctrl Pts',(-2.45664911438826,15.7390458749843,0.));
#1392=CARTESIAN_POINT('Ctrl Pts',(-3.1804968933985,16.5777443270217,0.));
#1393=CARTESIAN_POINT('Ctrl Pts',(-3.63627477208601,17.3692168626152,0.));
#1394=CARTESIAN_POINT('Ctrl Pts',(-3.8184518140544,17.7772381428268,0.));
#1395=CARTESIAN_POINT('Ctrl Pts',(-3.95551125764852,18.2216538674373,0.));
#1396=CARTESIAN_POINT('Ctrl Pts',(-4.,18.5610471474181,0.));
#1397=CARTESIAN_POINT('Ctrl Pts',(-4.,18.75,0.));
#1398=CARTESIAN_POINT('',(-4.,18.75,0.));
#1399=CARTESIAN_POINT('Ctrl Pts',(-2.4045020255538,15.7499999770274,1.93111535062556E-6));
#1400=CARTESIAN_POINT('Ctrl Pts',(-2.78504273632264,16.1230396352546,1.93111535062555E-6));
#1401=CARTESIAN_POINT('Ctrl Pts',(-3.22575202636346,16.6567919961153,1.93111535062556E-6));
#1402=CARTESIAN_POINT('Ctrl Pts',(-3.63606989337666,17.3693225322834,1.93111535062551E-6));
#1403=CARTESIAN_POINT('Ctrl Pts',(-3.81823651058127,17.7773207476868,1.93111535062551E-6));
#1404=CARTESIAN_POINT('Ctrl Pts',(-3.95528582089478,18.221704544547,1.93111535062565E-6));
#1405=CARTESIAN_POINT('Ctrl Pts',(-3.99977015787444,18.5610666421157,1.93111535062546E-6));
#1406=CARTESIAN_POINT('Ctrl Pts',(-3.99977015787444,18.75,1.9311153506256E-6));
#1407=CARTESIAN_POINT('',(-2.5,18.75,1.7));
#1408=CARTESIAN_POINT('Ctrl Pts',(-4.,18.75,0.));
#1409=CARTESIAN_POINT('Ctrl Pts',(-3.99242385591586,18.75,0.));
#1410=CARTESIAN_POINT('Ctrl Pts',(-3.97381352988952,18.75,0.00851499966295396));
#1411=CARTESIAN_POINT('Ctrl Pts',(-3.90050372806946,18.75,0.064553326659523));
#1412=CARTESIAN_POINT('Ctrl Pts',(-3.75999417824819,18.75,0.191151474230402));
#1413=CARTESIAN_POINT('Ctrl Pts',(-3.4118507553584,18.75,0.552911046254232));
#1414=CARTESIAN_POINT('Ctrl Pts',(-2.98856709368656,18.75,1.03272805708185));
#1415=CARTESIAN_POINT('Ctrl Pts',(-2.72194473772498,18.75,1.36200083540665));
#1416=CARTESIAN_POINT('Ctrl Pts',(-2.53024157580552,18.75,1.62037512668012));
#1417=CARTESIAN_POINT('Ctrl Pts',(-2.5,18.75,1.68282740674261));
#1418=CARTESIAN_POINT('Ctrl Pts',(-2.5,18.75,1.7));
#1419=CARTESIAN_POINT('Ctrl Pts',(-2.5,18.75,1.7));
#1420=CARTESIAN_POINT('Ctrl Pts',(-2.5,18.687015715806,1.7));
#1421=CARTESIAN_POINT('Ctrl Pts',(-2.48436766566331,18.5501312698066,1.7));
#1422=CARTESIAN_POINT('Ctrl Pts',(-2.41346561210144,18.3133135326237,1.7));
#1423=CARTESIAN_POINT('Ctrl Pts',(-2.29918344245931,18.0555163346176,1.7));
#1424=CARTESIAN_POINT('Ctrl Pts',(-1.97882013444527,17.4933051577407,1.7));
#1425=CARTESIAN_POINT('Ctrl Pts',(-1.39191764458522,16.8052224819532,1.7));
#1426=CARTESIAN_POINT('Ctrl Pts',(-0.715857585519179,16.2663686377343,1.7));
#1427=CARTESIAN_POINT('Ctrl Pts',(-0.333085256148046,16.0254467433413,1.7));
#1428=CARTESIAN_POINT('Ctrl Pts',(-0.108254842120509,15.9109729824851,1.7));
#1429=CARTESIAN_POINT('Ctrl Pts',(0.0653335139277051,15.8401478566633,1.7));
#1430=CARTESIAN_POINT('Ctrl Pts',(0.165285328815757,15.80643611904,1.7));
#1431=CARTESIAN_POINT('Ctrl Pts',(0.309153959029853,15.7674873237768,1.7));
#1432=CARTESIAN_POINT('Ctrl Pts',(0.418688769814889,15.75,1.7));
#1433=CARTESIAN_POINT('Ctrl Pts',(0.500000000000001,15.75,1.7));
#1434=CARTESIAN_POINT('Ctrl Pts',(-2.5,18.75,1.7));
#1435=CARTESIAN_POINT('Ctrl Pts',(-2.5,24.5,1.7));
#1436=CARTESIAN_POINT('Ctrl Pts',(-2.5,30.25,1.7));
#1437=CARTESIAN_POINT('Ctrl Pts',(-2.5,36.,1.7));
#1438=CARTESIAN_POINT('Ctrl Pts',(-2.5,18.75,1.68282740674261));
#1439=CARTESIAN_POINT('Ctrl Pts',(-2.5,24.5,1.68282740674261));
#1440=CARTESIAN_POINT('Ctrl Pts',(-2.5,30.25,1.68282740674261));
#1441=CARTESIAN_POINT('Ctrl Pts',(-2.5,36.,1.68282740674261));
#1442=CARTESIAN_POINT('Ctrl Pts',(-2.53028156258017,18.75,1.62029222420006));
#1443=CARTESIAN_POINT('Ctrl Pts',(-2.53028156258017,24.5,1.62029222420006));
#1444=CARTESIAN_POINT('Ctrl Pts',(-2.53028156258017,30.25,1.62029222420006));
#1445=CARTESIAN_POINT('Ctrl Pts',(-2.53028156258017,36.,1.62029222420006));
#1446=CARTESIAN_POINT('Ctrl Pts',(-2.72198613225997,18.75,1.36192835654257));
#1447=CARTESIAN_POINT('Ctrl Pts',(-2.72198613225997,24.5,1.36192835654257));
#1448=CARTESIAN_POINT('Ctrl Pts',(-2.72198613225997,30.25,1.36192835654257));
#1449=CARTESIAN_POINT('Ctrl Pts',(-2.72198613225997,36.,1.36192835654257));
#1450=CARTESIAN_POINT('Ctrl Pts',(-2.98864244089518,18.75,1.03261595906943));
#1451=CARTESIAN_POINT('Ctrl Pts',(-2.98864244089518,24.5,1.03261595906943));
#1452=CARTESIAN_POINT('Ctrl Pts',(-2.98864244089518,30.25,1.03261595906943));
#1453=CARTESIAN_POINT('Ctrl Pts',(-2.98864244089518,36.,1.03261595906943));
#1454=CARTESIAN_POINT('Ctrl Pts',(-3.411899871578,18.75,0.552834595914035));
#1455=CARTESIAN_POINT('Ctrl Pts',(-3.411899871578,24.5,0.552834595914035));
#1456=CARTESIAN_POINT('Ctrl Pts',(-3.411899871578,30.25,0.552834595914035));
#1457=CARTESIAN_POINT('Ctrl Pts',(-3.411899871578,36.,0.552834595914035));
#1458=CARTESIAN_POINT('Ctrl Pts',(-3.76002695948353,18.75,0.191097557979452));
#1459=CARTESIAN_POINT('Ctrl Pts',(-3.76002695948353,24.5,0.191097557979452));
#1460=CARTESIAN_POINT('Ctrl Pts',(-3.76002695948353,30.25,0.191097557979452));
#1461=CARTESIAN_POINT('Ctrl Pts',(-3.76002695948353,36.,0.191097557979452));
#1462=CARTESIAN_POINT('Ctrl Pts',(-3.90052002536439,18.75,0.0645261870420565));
#1463=CARTESIAN_POINT('Ctrl Pts',(-3.90052002536439,24.5,0.0645261870420565));
#1464=CARTESIAN_POINT('Ctrl Pts',(-3.90052002536439,30.25,0.0645261870420565));
#1465=CARTESIAN_POINT('Ctrl Pts',(-3.90052002536439,36.,0.0645261870420565));
#1466=CARTESIAN_POINT('Ctrl Pts',(-3.97382161869933,18.75,0.00850051084759238));
#1467=CARTESIAN_POINT('Ctrl Pts',(-3.97382161869933,24.5,0.00850051084759238));
#1468=CARTESIAN_POINT('Ctrl Pts',(-3.97382161869933,30.25,0.00850051084759238));
#1469=CARTESIAN_POINT('Ctrl Pts',(-3.97382161869933,36.,0.00850051084759238));
#1470=CARTESIAN_POINT('Ctrl Pts',(-3.99242385591586,18.75,0.));
#1471=CARTESIAN_POINT('Ctrl Pts',(-3.99242385591586,24.5,0.));
#1472=CARTESIAN_POINT('Ctrl Pts',(-3.99242385591586,30.25,0.));
#1473=CARTESIAN_POINT('Ctrl Pts',(-3.99242385591586,36.,0.));
#1474=CARTESIAN_POINT('Ctrl Pts',(-4.,18.75,0.));
#1475=CARTESIAN_POINT('Ctrl Pts',(-4.,24.5,0.));
#1476=CARTESIAN_POINT('Ctrl Pts',(-4.,30.25,0.));
#1477=CARTESIAN_POINT('Ctrl Pts',(-4.,36.,0.));
#1478=CARTESIAN_POINT('',(-4.,36.,0.));
#1479=CARTESIAN_POINT('',(-2.5,36.,1.7));
#1480=CARTESIAN_POINT('Ctrl Pts',(-4.,36.,4.33680868994202E-18));
#1481=CARTESIAN_POINT('Ctrl Pts',(-3.99242385591586,36.,2.89120579329468E-18));
#1482=CARTESIAN_POINT('Ctrl Pts',(-3.97847217800346,36.,0.00637538313569429));
#1483=CARTESIAN_POINT('Ctrl Pts',(-3.95436818539991,36.,0.0237264503493109));
#1484=CARTESIAN_POINT('Ctrl Pts',(-3.94633352119873,36.,0.0295101394205164));
#1485=CARTESIAN_POINT('Ctrl Pts',(-3.93717082203186,36.,0.0365133489448244));
#1486=CARTESIAN_POINT('Ctrl Pts',(-3.92671859456768,36.,0.044928613696213));
#1487=CARTESIAN_POINT('Ctrl Pts',(-3.88490968471096,36.,0.0785896727017672));
#1488=CARTESIAN_POINT('Ctrl Pts',(-3.82246832209725,36.,0.13484361534061));
#1489=CARTESIAN_POINT('Ctrl Pts',(-3.7332264594728,36.,0.223260092982462));
#1490=CARTESIAN_POINT('Ctrl Pts',(-3.64398459684836,36.,0.311676570624313));
#1491=CARTESIAN_POINT('Ctrl Pts',(-3.52794223421318,36.,0.432255583269174));
#1492=CARTESIAN_POINT('Ctrl Pts',(-3.39937814778178,36.,0.572508650117504));
#1493=CARTESIAN_POINT('Ctrl Pts',(-3.27081406135039,36.,0.712761716965833));
#1494=CARTESIAN_POINT('Ctrl Pts',(-3.12972825112279,36.,0.872688838017631));
#1495=CARTESIAN_POINT('Ctrl Pts',(-3.00585408428194,36.,1.01851487803816));
#1496=CARTESIAN_POINT('Ctrl Pts',(-2.8819799174411,36.,1.16434091805869));
#1497=CARTESIAN_POINT('Ctrl Pts',(-2.77531739398701,36.,1.29606587704794));
#1498=CARTESIAN_POINT('Ctrl Pts',(-2.69716220401791,36.,1.3973883895238));
#1499=CARTESIAN_POINT('Ctrl Pts',(-2.65808460903337,36.,1.44804964576173));
#1500=CARTESIAN_POINT('Ctrl Pts',(-2.62613384742007,36.,1.49111029037132));
#1501=CARTESIAN_POINT('Ctrl Pts',(-2.60027817854883,36.,1.52731422273741));
#1502=CARTESIAN_POINT('Ctrl Pts',(-2.52271117193513,36.,1.6359260198357));
#1503=CARTESIAN_POINT('Ctrl Pts',(-2.5,36.,1.68282740674261));
#1504=CARTESIAN_POINT('Ctrl Pts',(-2.5,36.,1.7));
#1505=CARTESIAN_POINT('Ctrl Pts',(-2.5,36.,1.7));
#1506=CARTESIAN_POINT('Ctrl Pts',(-2.5,30.25,1.7));
#1507=CARTESIAN_POINT('Ctrl Pts',(-2.5,24.5,1.7));
#1508=CARTESIAN_POINT('Ctrl Pts',(-2.5,18.75,1.7));
#1509=CARTESIAN_POINT('Ctrl Pts',(-4.,18.75,0.));
#1510=CARTESIAN_POINT('Ctrl Pts',(-4.,24.5,0.));
#1511=CARTESIAN_POINT('Ctrl Pts',(-4.,30.25,0.));
#1512=CARTESIAN_POINT('Ctrl Pts',(-4.,36.,0.));
#1513=CARTESIAN_POINT('Ctrl Pts',(-2.5,18.75,16.8));
#1514=CARTESIAN_POINT('Ctrl Pts',(-2.5,18.75,11.7666666666667));
#1515=CARTESIAN_POINT('Ctrl Pts',(-2.5,18.75,6.73333333333334));
#1516=CARTESIAN_POINT('Ctrl Pts',(-2.5,18.75,1.7));
#1517=CARTESIAN_POINT('Ctrl Pts',(-2.5,18.6489847455448,16.8));
#1518=CARTESIAN_POINT('Ctrl Pts',(-2.5,18.6489847455448,11.7666666666667));
#1519=CARTESIAN_POINT('Ctrl Pts',(-2.5,18.6489847455448,6.73333333333334));
#1520=CARTESIAN_POINT('Ctrl Pts',(-2.5,18.6489847455448,1.7));
#1521=CARTESIAN_POINT('Ctrl Pts',(-2.45617681150626,18.3965611021687,16.8));
#1522=CARTESIAN_POINT('Ctrl Pts',(-2.45617681150626,18.3965611021687,11.7666666666667));
#1523=CARTESIAN_POINT('Ctrl Pts',(-2.45617681150626,18.3965611021687,6.73333333333333));
#1524=CARTESIAN_POINT('Ctrl Pts',(-2.45617681150626,18.3965611021687,1.7));
#1525=CARTESIAN_POINT('Ctrl Pts',(-2.12816057526291,17.6681124549626,16.8));
#1526=CARTESIAN_POINT('Ctrl Pts',(-2.12816057526291,17.6681124549626,11.7666666666667));
#1527=CARTESIAN_POINT('Ctrl Pts',(-2.12816057526291,17.6681124549626,6.73333333333335));
#1528=CARTESIAN_POINT('Ctrl Pts',(-2.12816057526291,17.6681124549626,1.7));
#1529=CARTESIAN_POINT('Ctrl Pts',(-1.3527969618143,16.752854574861,16.8));
#1530=CARTESIAN_POINT('Ctrl Pts',(-1.3527969618143,16.752854574861,11.7666666666667));
#1531=CARTESIAN_POINT('Ctrl Pts',(-1.3527969618143,16.752854574861,6.73333333333333));
#1532=CARTESIAN_POINT('Ctrl Pts',(-1.3527969618143,16.752854574861,1.7));
#1533=CARTESIAN_POINT('Ctrl Pts',(-0.453158080268893,16.075428369147,16.8));
#1534=CARTESIAN_POINT('Ctrl Pts',(-0.453158080268893,16.075428369147,11.7666666666667));
#1535=CARTESIAN_POINT('Ctrl Pts',(-0.453158080268893,16.075428369147,6.73333333333334));
#1536=CARTESIAN_POINT('Ctrl Pts',(-0.453158080268893,16.075428369147,1.7));
#1537=CARTESIAN_POINT('Ctrl Pts',(0.115181726556001,15.7943544606177,16.8));
#1538=CARTESIAN_POINT('Ctrl Pts',(0.115181726556001,15.7943544606177,11.7666666666667));
#1539=CARTESIAN_POINT('Ctrl Pts',(0.115181726556001,15.7943544606177,6.73333333333334));
#1540=CARTESIAN_POINT('Ctrl Pts',(0.115181726556001,15.7943544606177,1.7));
#1541=CARTESIAN_POINT('Ctrl Pts',(0.398984745544779,15.75,16.8));
#1542=CARTESIAN_POINT('Ctrl Pts',(0.398984745544779,15.75,11.7666666666667));
#1543=CARTESIAN_POINT('Ctrl Pts',(0.398984745544779,15.75,6.73333333333334));
#1544=CARTESIAN_POINT('Ctrl Pts',(0.398984745544779,15.75,1.7));
#1545=CARTESIAN_POINT('Ctrl Pts',(0.5,15.75,16.8));
#1546=CARTESIAN_POINT('Ctrl Pts',(0.5,15.75,11.7666666666667));
#1547=CARTESIAN_POINT('Ctrl Pts',(0.5,15.75,6.73333333333334));
#1548=CARTESIAN_POINT('Ctrl Pts',(0.5,15.75,1.7));
#1549=CARTESIAN_POINT('Ctrl Pts',(-2.5,18.75,1.7));
#1550=CARTESIAN_POINT('Ctrl Pts',(-2.5,18.75,6.73333333333334));
#1551=CARTESIAN_POINT('Ctrl Pts',(-2.5,18.75,11.7666666666667));
#1552=CARTESIAN_POINT('Ctrl Pts',(-2.5,18.75,16.8));
#1553=CARTESIAN_POINT('Origin',(-2.5,0.,18.5));
#1554=CARTESIAN_POINT('',(-2.5,36.,16.8));
#1555=CARTESIAN_POINT('',(-2.5,36.,18.5));
#1556=CARTESIAN_POINT('Ctrl Pts',(-2.5,18.75,16.8));
#1557=CARTESIAN_POINT('Ctrl Pts',(-2.5,24.5,16.8));
#1558=CARTESIAN_POINT('Ctrl Pts',(-2.5,30.25,16.8));
#1559=CARTESIAN_POINT('Ctrl Pts',(-2.5,36.,16.8));
#1560=CARTESIAN_POINT('',(-2.5,27.,16.65));
#1561=CARTESIAN_POINT('Origin',(-2.5,27.,9.25));
#1562=CARTESIAN_POINT('Origin',(-4.5,36.,9.25));
#1563=CARTESIAN_POINT('',(-5.7,36.,0.));
#1564=CARTESIAN_POINT('',(0.,36.,0.));
#1565=CARTESIAN_POINT('Origin',(-5.7,36.,0.8));
#1566=CARTESIAN_POINT('Origin',(-5.7,36.,17.7));
#1567=CARTESIAN_POINT('Ctrl Pts',(-2.5,36.,16.8));
#1568=CARTESIAN_POINT('Ctrl Pts',(-2.5,36.,16.8085862966287));
#1569=CARTESIAN_POINT('Ctrl Pts',(-2.50561825228398,36.,16.8243928832984));
#1570=CARTESIAN_POINT('Ctrl Pts',(-2.52092420977473,36.,16.8517077383097));
#1571=CARTESIAN_POINT('Ctrl Pts',(-2.52602619560499,36.,16.8608126899801));
#1572=CARTESIAN_POINT('Ctrl Pts',(-2.53220459312488,36.,16.871196338133));
#1573=CARTESIAN_POINT('Ctrl Pts',(-2.53962874401177,36.,16.8830413153776));
#1574=CARTESIAN_POINT('Ctrl Pts',(-2.56932534755935,36.,16.9304212243559));
#1575=CARTESIAN_POINT('Ctrl Pts',(-2.61895400497899,36.,17.0011823988026));
#1576=CARTESIAN_POINT('Ctrl Pts',(-2.69696308311508,36.,17.1023186355885));
#1577=CARTESIAN_POINT('Ctrl Pts',(-2.77497216125117,36.,17.2034548723745));
#1578=CARTESIAN_POINT('Ctrl Pts',(-2.88136166010372,36.,17.3349661714997));
#1579=CARTESIAN_POINT('Ctrl Pts',(-3.00510954895685,36.,17.4806677741858));
#1580=CARTESIAN_POINT('Ctrl Pts',(-3.12885743780999,36.,17.6263693768718));
#1581=CARTESIAN_POINT('Ctrl Pts',(-3.26996371666373,36.,17.7862612831186));
#1582=CARTESIAN_POINT('Ctrl Pts',(-3.3986347944769,36.,17.9266534828731));
#1583=CARTESIAN_POINT('Ctrl Pts',(-3.52730587229008,36.,18.0670456826276));
#1584=CARTESIAN_POINT('Ctrl Pts',(-3.64354174906269,36.,18.1879381758897));
#1585=CARTESIAN_POINT('Ctrl Pts',(-3.7329452073798,36.,18.2765166326409));
#1586=CARTESIAN_POINT('Ctrl Pts',(-3.77764693653836,36.,18.3208058610165));
#1587=CARTESIAN_POINT('Ctrl Pts',(-3.81564056108304,36.,18.3570165802644));
#1588=CARTESIAN_POINT('Ctrl Pts',(-3.84758742181121,36.,18.3863215735748));
#1589=CARTESIAN_POINT('Ctrl Pts',(-3.94342800399574,36.,18.474236553506));
#1590=CARTESIAN_POINT('Ctrl Pts',(-3.98484771183172,36.,18.5));
#1591=CARTESIAN_POINT('Ctrl Pts',(-4.,36.,18.5));
#1592=CARTESIAN_POINT('Ctrl Pts',(-4.,18.75,18.5));
#1593=CARTESIAN_POINT('Ctrl Pts',(-4.,24.5,18.5));
#1594=CARTESIAN_POINT('Ctrl Pts',(-4.,30.25,18.5));
#1595=CARTESIAN_POINT('Ctrl Pts',(-4.,36.,18.5));
#1596=CARTESIAN_POINT('Ctrl Pts',(-3.98484771183172,18.75,18.5));
#1597=CARTESIAN_POINT('Ctrl Pts',(-3.98484771183172,24.5,18.5));
#1598=CARTESIAN_POINT('Ctrl Pts',(-3.98484771183172,30.25,18.5));
#1599=CARTESIAN_POINT('Ctrl Pts',(-3.98484771183172,36.,18.5));
#1600=CARTESIAN_POINT('Ctrl Pts',(-3.92962143471708,18.75,18.465648738008));
#1601=CARTESIAN_POINT('Ctrl Pts',(-3.92962143471708,24.5,18.465648738008));
#1602=CARTESIAN_POINT('Ctrl Pts',(-3.92962143471708,30.25,18.465648738008));
#1603=CARTESIAN_POINT('Ctrl Pts',(-3.92962143471708,36.,18.465648738008));
#1604=CARTESIAN_POINT('Ctrl Pts',(-3.701659687449,18.75,18.2483844225208));
#1605=CARTESIAN_POINT('Ctrl Pts',(-3.701659687449,24.5,18.2483844225208));
#1606=CARTESIAN_POINT('Ctrl Pts',(-3.701659687449,30.25,18.2483844225208));
#1607=CARTESIAN_POINT('Ctrl Pts',(-3.701659687449,36.,18.2483844225208));
#1608=CARTESIAN_POINT('Ctrl Pts',(-3.41106999551746,18.75,17.9461531893655));
#1609=CARTESIAN_POINT('Ctrl Pts',(-3.41106999551746,24.5,17.9461531893655));
#1610=CARTESIAN_POINT('Ctrl Pts',(-3.41106999551746,30.25,17.9461531893655));
#1611=CARTESIAN_POINT('Ctrl Pts',(-3.41106999551746,36.,17.9461531893655));
#1612=CARTESIAN_POINT('Ctrl Pts',(-2.98775115895626,18.75,17.466477470625));
#1613=CARTESIAN_POINT('Ctrl Pts',(-2.98775115895626,24.5,17.466477470625));
#1614=CARTESIAN_POINT('Ctrl Pts',(-2.98775115895626,30.25,17.466477470625));
#1615=CARTESIAN_POINT('Ctrl Pts',(-2.98775115895626,36.,17.466477470625));
#1616=CARTESIAN_POINT('Ctrl Pts',(-2.66858266239863,18.75,17.0719435732492));
#1617=CARTESIAN_POINT('Ctrl Pts',(-2.66858266239863,24.5,17.0719435732492));
#1618=CARTESIAN_POINT('Ctrl Pts',(-2.66858266239863,30.25,17.0719435732492));
#1619=CARTESIAN_POINT('Ctrl Pts',(-2.66858266239863,36.,17.0719435732492));
#1620=CARTESIAN_POINT('Ctrl Pts',(-2.55691818320444,18.75,16.9127309307442));
#1621=CARTESIAN_POINT('Ctrl Pts',(-2.55691818320444,24.5,16.9127309307442));
#1622=CARTESIAN_POINT('Ctrl Pts',(-2.55691818320444,30.25,16.9127309307442));
#1623=CARTESIAN_POINT('Ctrl Pts',(-2.55691818320444,36.,16.9127309307442));
#1624=CARTESIAN_POINT('Ctrl Pts',(-2.50749100304531,18.75,16.8296617455217));
#1625=CARTESIAN_POINT('Ctrl Pts',(-2.50749100304531,24.5,16.8296617455217));
#1626=CARTESIAN_POINT('Ctrl Pts',(-2.50749100304531,30.25,16.8296617455217));
#1627=CARTESIAN_POINT('Ctrl Pts',(-2.50749100304531,36.,16.8296617455217));
#1628=CARTESIAN_POINT('Ctrl Pts',(-2.5,18.75,16.8085862966287));
#1629=CARTESIAN_POINT('Ctrl Pts',(-2.5,24.5,16.8085862966287));
#1630=CARTESIAN_POINT('Ctrl Pts',(-2.5,30.25,16.8085862966287));
#1631=CARTESIAN_POINT('Ctrl Pts',(-2.5,36.,16.8085862966287));
#1632=CARTESIAN_POINT('Ctrl Pts',(-2.5,18.75,16.8));
#1633=CARTESIAN_POINT('Ctrl Pts',(-2.5,24.5,16.8));
#1634=CARTESIAN_POINT('Ctrl Pts',(-2.5,30.25,16.8));
#1635=CARTESIAN_POINT('Ctrl Pts',(-2.5,36.,16.8));
#1636=CARTESIAN_POINT('Origin',(14.5,0.,9.25));
#1637=CARTESIAN_POINT('',(10.35,9.5,9.25));
#1638=CARTESIAN_POINT('',(10.35,0.,9.25));
#1639=CARTESIAN_POINT('Origin',(14.5,9.5,9.25));
#1640=CARTESIAN_POINT('Origin',(14.5,9.5,9.25));
#1641=CARTESIAN_POINT('',(11.75,9.5,9.25));
#1642=CARTESIAN_POINT('Origin',(14.5,9.5,9.25));
#1643=CARTESIAN_POINT('Origin',(1.,27.,9.25));
#1644=CARTESIAN_POINT('',(1.,27.,13.75));
#1645=CARTESIAN_POINT('Origin',(1.,27.,9.25));
#1646=CARTESIAN_POINT('',(1.,27.,11.85));
#1647=CARTESIAN_POINT('Origin',(1.,27.,9.25));
#1648=CARTESIAN_POINT('Origin',(0.,27.,9.25));
#1649=CARTESIAN_POINT('',(0.,27.,13.75));
#1650=CARTESIAN_POINT('Origin',(29.,0.,0.));
#1651=CARTESIAN_POINT('',(-5.7,0.,0.));
#1652=CARTESIAN_POINT('',(28.,13.6,0.));
#1653=CARTESIAN_POINT('',(0.,13.6,0.));
#1654=CARTESIAN_POINT('',(28.,10.,0.));
#1655=CARTESIAN_POINT('',(28.,0.,0.));
#1656=CARTESIAN_POINT('',(31.7,10.,0.));
#1657=CARTESIAN_POINT('',(29.,10.,0.));
#1658=CARTESIAN_POINT('',(31.7,0.,0.));
#1659=CARTESIAN_POINT('Origin',(-5.7,0.,0.8));
#1660=CARTESIAN_POINT('Origin',(-5.7,0.,17.7));
#1661=CARTESIAN_POINT('Origin',(31.7,0.,0.800000000000001));
#1662=CARTESIAN_POINT('',(32.5,10.,0.800000000000001));
#1663=CARTESIAN_POINT('Origin',(31.7,10.,0.800000000000001));
#1664=CARTESIAN_POINT('',(32.5,0.,0.800000000000001));
#1665=CARTESIAN_POINT('Origin',(32.5,0.,18.5));
#1666=CARTESIAN_POINT('',(32.5,10.,0.));
#1667=CARTESIAN_POINT('Origin',(28.,0.,0.800000000000001));
#1668=CARTESIAN_POINT('',(28.8,13.6,0.800000000000001));
#1669=CARTESIAN_POINT('Origin',(28.,13.6,0.800000000000001));
#1670=CARTESIAN_POINT('',(28.8,10.,0.800000000000001));
#1671=CARTESIAN_POINT('',(28.8,0.,0.800000000000001));
#1672=CARTESIAN_POINT('Origin',(28.,10.,0.800000000000001));
#1673=CARTESIAN_POINT('Origin',(28.8,0.,18.5));
#1674=CARTESIAN_POINT('',(28.8,13.6,17.8));
#1675=CARTESIAN_POINT('',(28.8,13.6,13.875));
#1676=CARTESIAN_POINT('',(28.8,10.,17.8));
#1677=CARTESIAN_POINT('',(28.8,0.,17.8));
#1678=CARTESIAN_POINT('',(28.8,10.,13.875));
#1679=CARTESIAN_POINT('Origin',(14.5,13.6,9.25));
#1680=CARTESIAN_POINT('Origin',(28.1,13.6,17.8));
#1681=CARTESIAN_POINT('',(11.75,13.6,9.25));
#1682=CARTESIAN_POINT('Origin',(14.5,13.6,9.25));
#1683=CARTESIAN_POINT('Origin',(28.1,0.,17.8));
#1684=CARTESIAN_POINT('Origin',(28.1,10.,17.8));
#1685=CARTESIAN_POINT('Origin',(30.75,10.,9.25));
#1686=CARTESIAN_POINT('Origin',(14.5,0.,9.25));
#1687=CARTESIAN_POINT('',(11.75,0.,9.25));
#1688=CARTESIAN_POINT('Origin',(0.,27.,9.25));
#1689=CARTESIAN_POINT('',(3.5,27.,11.85));
#1690=CARTESIAN_POINT('Origin',(3.5,27.,9.25));
#1691=CARTESIAN_POINT('',(0.,27.,11.85));
#1692=CARTESIAN_POINT('Origin',(0.,27.,9.25));
#1693=CARTESIAN_POINT('',(3.5,27.,16.65));
#1694=CARTESIAN_POINT('Origin',(3.5,27.,9.25));
#1695=CARTESIAN_POINT('',(0.,27.,16.65));
#1696=CARTESIAN_POINT('Origin',(3.5,27.,9.25));
#1697=CARTESIAN_POINT('Origin',(74.7829402825931,0.,-0.0254081597554848));
#1698=CARTESIAN_POINT('',(71.4100367918068,3.,-1.88175458266306));
#1699=CARTESIAN_POINT('',(71.4100367918068,0.,-1.88175458266306));
#1700=CARTESIAN_POINT('',(71.4100367918068,0.,-1.88175458266304));
#1701=CARTESIAN_POINT('',(77.7861294061632,0.,-2.43442353705638));
#1702=CARTESIAN_POINT('Origin',(74.7829402825931,0.,-0.0254081597554848));
#1703=CARTESIAN_POINT('',(77.7861294061632,3.,-2.43442353705638));
#1704=CARTESIAN_POINT('',(77.7861294061633,0.,-2.43442353705595));
#1705=CARTESIAN_POINT('Origin',(74.7829402825931,3.,-0.0254081597554848));
#1706=CARTESIAN_POINT('Origin',(74.7829402825931,0.,-0.0254081597554848));
#1707=CARTESIAN_POINT('',(68.6329402825931,3.,-0.025408159755484));
#1708=CARTESIAN_POINT('Origin',(74.7829402825931,3.,-0.0254081597554848));
#1709=CARTESIAN_POINT('',(68.6329402825931,2.,-0.0254081597554855));
#1710=CARTESIAN_POINT('',(68.6329402825931,0.,-0.025408159755484));
#1711=CARTESIAN_POINT('Origin',(74.7829402825931,2.,-0.0254081597554848));
#1712=CARTESIAN_POINT('Origin',(74.7829402825931,3.,-0.0254081597554845));
#1713=CARTESIAN_POINT('',(78.1558437733794,3.,1.83093826315252));
#1714=CARTESIAN_POINT('',(71.779751159023,3.,2.38360721754497));
#1715=CARTESIAN_POINT('Origin',(74.7829402825931,3.,-0.0254081597554848));
#1716=CARTESIAN_POINT('',(71.687322567219,3.,1.31726676749296));
#1717=CARTESIAN_POINT('',(77.8785579979673,3.,-1.36808308700415));
#1718=CARTESIAN_POINT('Origin',(74.7829402825931,2.,-0.0254081597554845));
#1719=CARTESIAN_POINT('',(67.2829402825931,2.,-0.0254081597554839));
#1720=CARTESIAN_POINT('Origin',(74.7829402825931,2.,-0.0254081597554848));
#1721=CARTESIAN_POINT('Origin',(74.7829402825931,0.,-0.0254081597554845));
#1722=CARTESIAN_POINT('',(67.2829402825931,0.,-0.0254081597554839));
#1723=CARTESIAN_POINT('Origin',(74.7829402825931,0.,-0.0254081597554848));
#1724=CARTESIAN_POINT('',(71.779751159023,0.,2.38360721754497));
#1725=CARTESIAN_POINT('',(71.4100367918068,0.,-1.88175458266306));
#1726=CARTESIAN_POINT('',(78.1558437733794,0.,1.83093826315252));
#1727=CARTESIAN_POINT('Origin',(74.7829402825931,0.,-0.0254081597554848));
#1728=CARTESIAN_POINT('',(77.7861294061632,0.,-2.43442353705638));
#1729=CARTESIAN_POINT('Origin',(74.7829402825931,0.,-0.0254081597554848));
#1730=CARTESIAN_POINT('',(71.779751159023,0.,2.38360721754497));
#1731=CARTESIAN_POINT('',(78.1558437733794,0.,1.83093826315252));
#1732=CARTESIAN_POINT('Origin',(71.779751159023,0.,2.38360721754497));
#1733=CARTESIAN_POINT('Origin',(77.7861294061632,0.,-2.43442353705638));
#1734=CARTESIAN_POINT('Origin',(74.7829402825931,0.,-0.0254081597554848));
#1735=CARTESIAN_POINT('',(67.2829402825931,0.,-0.0254081597554839));
#1736=UNCERTAINTY_MEASURE_WITH_UNIT(LENGTH_MEASURE(0.01),#1740,
'DISTANCE_ACCURACY_VALUE',
'Maximum model space distance between geometric entities at asserted c
onnectivities');
#1737=UNCERTAINTY_MEASURE_WITH_UNIT(LENGTH_MEASURE(0.01),#1740,
'DISTANCE_ACCURACY_VALUE',
'Maximum model space distance between geometric entities at asserted c
onnectivities');
#1738=(
GEOMETRIC_REPRESENTATION_CONTEXT(3)
GLOBAL_UNCERTAINTY_ASSIGNED_CONTEXT((#1736))
GLOBAL_UNIT_ASSIGNED_CONTEXT((#1740,#1742,#1743))
REPRESENTATION_CONTEXT('','3D')
);
#1739=(
GEOMETRIC_REPRESENTATION_CONTEXT(3)
GLOBAL_UNCERTAINTY_ASSIGNED_CONTEXT((#1737))
GLOBAL_UNIT_ASSIGNED_CONTEXT((#1740,#1742,#1743))
REPRESENTATION_CONTEXT('','3D')
);
#1740=(
LENGTH_UNIT()
NAMED_UNIT(*)
SI_UNIT(.MILLI.,.METRE.)
);
#1741=(
LENGTH_UNIT()
NAMED_UNIT(*)
SI_UNIT($,.METRE.)
);
#1742=(
NAMED_UNIT(*)
PLANE_ANGLE_UNIT()
SI_UNIT($,.RADIAN.)
);
#1743=(
NAMED_UNIT(*)
SI_UNIT($,.STERADIAN.)
SOLID_ANGLE_UNIT()
);
#1744=SHAPE_DEFINITION_REPRESENTATION(#1745,#1746);
#1745=PRODUCT_DEFINITION_SHAPE('',$,#1748);
#1746=SHAPE_REPRESENTATION('',(#678),#1738);
#1747=PRODUCT_DEFINITION_CONTEXT('part definition',#1752,'design');
#1748=PRODUCT_DEFINITION('Wiltron','Wiltron v3',#1749,#1747);
#1749=PRODUCT_DEFINITION_FORMATION('',$,#1754);
#1750=PRODUCT_RELATED_PRODUCT_CATEGORY('Wiltron v3','Wiltron v3',(#1754));
#1751=APPLICATION_PROTOCOL_DEFINITION('international standard',
'automotive_design',2009,#1752);
#1752=APPLICATION_CONTEXT(
'Core Data for Automotive Mechanical Design Process');
#1753=PRODUCT_CONTEXT('part definition',#1752,'mechanical');
#1754=PRODUCT('Wiltron','Wiltron v3',$,(#1753));
#1755=PRESENTATION_STYLE_ASSIGNMENT((#1756));
#1756=SURFACE_STYLE_USAGE(.BOTH.,#1757);
#1757=SURFACE_SIDE_STYLE('',(#1758));
#1758=SURFACE_STYLE_FILL_AREA(#1759);
#1759=FILL_AREA_STYLE('Steel - Satin',(#1760));
#1760=FILL_AREA_STYLE_COLOUR('Steel - Satin',#1761);
#1761=COLOUR_RGB('Steel - Satin',0.627450980392157,0.627450980392157,0.627450980392157);
ENDSEC;
END-ISO-10303-21;
